"sumexp","cor","gene"
10874.7213098479,-0.355618900144907,"LEF1"
11878.6811109022,-0.352212303849183,"BACH2"
11185.7110344753,-0.317897468242389,"PDE3B"
8962.42700090574,-0.313854323290981,"TXK"
8353.47854116754,-0.286942903365234,"NELL2"
3.11920481312758,-0.272358632311679,"AL008638.1"
13.8730725762279,-0.270666874546962,"LINC01865"
8.1286453874633,-0.263607188920533,"MARK1"
3175.43606259192,-0.261251592202285,"NRCAM"
1713.43350981852,-0.249916580962796,"ROBO1"
11.7331652545284,-0.248232534811908,"AL162414.1"
2905.9126672225,-0.247179613418166,"PTPRK"
12277.8647249314,-0.244788920106188,"CAMK4"
12.051752938068,-0.241494110478454,"SPIC"
4139.12997549621,-0.240408242569156,"IGF1R"
14.2418989867189,-0.239488588757547,"ERG"
7441.4145437807,-0.236910341165577,"ABLIM1"
4999.95148297824,-0.236833317056349,"FHIT"
4.66689426052176,-0.234504622176955,"CDH9"
786.433343382516,-0.232071086605608,"LY86-AS1"
3.0859236863406,-0.227095398029744,"SYT17"
7.20888843699041,-0.226798803569123,"IGLC7"
5013.12790165948,-0.226403072794631,"RASGRF2"
9.61834762759527,-0.225935748418847,"IL31RA"
10.0177944435614,-0.22332922078474,"LINC02160"
976.539033547289,-0.220230627497673,"CACHD1"
2507.95014094942,-0.215447813342115,"AK5"
13.0286999902625,-0.213863994777435,"CLEC9A"
1295.45103433219,-0.21369278361877,"AL163932.1"
3334.97771682338,-0.21241828432385,"SNED1"
8.40311756694661,-0.210799762210731,"BUB1B"
5.37965012404133,-0.21019640440331,"KIF18B"
62.2274697100574,-0.20800828926885,"CASC9"
5.02874450015422,-0.207484066367886,"LINC01515"
15.6936001100253,-0.206080514729526,"AL022318.5"
12049.751518612,-0.205481699971774,"IL7R"
26.551180494844,-0.204165185146951,"LINC02785"
6927.4703802055,-0.202124240727793,"NR3C2"
1801.20412472138,-0.202006397282856,"SLC16A10"
9.02405410053582,-0.199035361803301,"IGLV1-40"
4.71659784437021,-0.1970738332562,"AC109630.1"
50.5455188036636,-0.195149981771849,"COL26A1"
12.8542705307819,-0.194988672383509,"CDK1"
779.693010999335,-0.193593265722836,"HPGD"
7.2917633614243,-0.192955776915376,"CCNB2"
15.1295544222274,-0.191635253714277,"NTNG1"
17.8853290305597,-0.191272744791611,"CDC45"
16.5809757655272,-0.190995507247149,"GBP7"
69.7154652131291,-0.188656982577043,"AC002383.1"
42.2673744895694,-0.188584673027954,"AC012668.3"
2.02364179424095,-0.187876690028963,"FAM124A"
11300.1652612227,-0.187521391554457,"LTB"
1147.87467495201,-0.183856541179395,"TPST1"
5.11691720085809,-0.182756203354941,"CRYM"
12.4217895137492,-0.182581415894155,"HMHB1"
184.488083203197,-0.182564063287806,"AC005580.1"
2753.82200652298,-0.181633898523891,"JAML"
1516.65535960813,-0.181556710677577,"DLG2"
24.0266066407479,-0.180525963601564,"TPD52L1"
485.436230154863,-0.18025023961939,"AL359636.2"
7206.58850753216,-0.179598305055613,"APBA2"
1.58653887552489,-0.179595512769104,"AC009063.2"
25.89541656971,-0.17925982300977,"ENHO"
3665.69748518786,-0.179186509862922,"RNF157"
4.36703285025864,-0.178948569607979,"AC060234.3"
3.22444586133103,-0.178514847706764,"ADAD1"
7155.14798969716,-0.177477726721493,"MLLT3"
1070.42671804052,-0.177409916230921,"LRRC7"
1380.83943102917,-0.177394739500306,"AL590006.1"
7.33689201492042,-0.177392629920145,"AC006213.1"
14.9477596552046,-0.177185406112246,"COBLL1"
12.68582459163,-0.176205383286898,"CD34"
9.75520839274484,-0.1747649910627,"LINC00407"
-11.1222038050669,-0.171428528416535,"PF4"
3659.28372631005,-0.16937932701582,"PRKN"
259.570067372903,-0.1691959264508,"AC010148.1"
246.870122435638,-0.166857948006138,"MYB"
1746.63421922887,-0.166606380542142,"LEF1-AS1"
15.0768360885072,-0.166118608551907,"DNASE1L3"
180.966231980788,-0.165718802456546,"AC004817.5"
251.174850757242,-0.165069294682689,"AL033523.1"
42.0667677401992,-0.164623728320561,"LDLRAD3"
109.423670600982,-0.164324393093171,"FAM30A"
3.20497446437636,-0.163605594116614,"LINC02642"
1957.18181091459,-0.163433227215777,"SH3RF3"
0.232711652717999,-0.163192674095742,"HBD"
13.0723724949212,-0.163167201235392,"FCRL2"
2.76945954135218,-0.162077584613734,"LINC02227"
18.5651154619962,-0.161695514970082,"AC119674.1"
16.0637236936955,-0.161120791598415,"HEPHL1"
25.673234373376,-0.159718233646616,"DPF1"
25.7995561356577,-0.15748621500622,"EMID1"
10.0337461089249,-0.15659606051058,"ST6GALNAC5"
13.3981505229838,-0.156589804428201,"GPRC5A"
3042.30401717542,-0.15587293255195,"SATB1-AS1"
25.6745379378154,-0.155809082347336,"BX284613.2"
2.44560376657366,-0.15490887677601,"TCTEX1D1"
1640.21540004998,-0.153768854971448,"NBEA"
10.1468359492486,-0.151932070574254,"AC099560.1"
271.710269765706,-0.151688799927844,"ATL1"
23.894888528868,-0.150529429653038,"AURKB"
-1.28910987867391,-0.150468436213522,"SLC7A11"
2.91535006415318,-0.149606849900229,"DLX2"
6.45482208460233,-0.149406921079979,"VNN1"
38.0317601968546,-0.148939727967657,"ASAP2"
38.2923619657436,-0.148846557641767,"PLK1"
12365.6063790712,-0.14812658184771,"BCL2"
44.2892765804902,-0.147856815690595,"SLCO1A2"
7161.63264832666,-0.146812667771032,"CD8B"
736.85281095259,-0.146424935109694,"IL3RA"
22.5403036880589,-0.146377313762777,"TK1"
16.9828692766259,-0.145677289481979,"GLIS1"
3.42658699336913,-0.145639204825237,"BIRC5"
69.9988684023517,-0.145583221255406,"CLIC2"
5501.73709036558,-0.144663295639371,"KCNQ5"
50.8960682751732,-0.144501553197721,"PRICKLE1"
164.511184762164,-0.143714475270737,"AC090204.1"
53.3272203480553,-0.142790183144332,"FOXP3"
1728.78622233273,-0.14255471244622,"UBE2E2"
-1.9667976804332,-0.142546306136364,"CXCL9"
335.267796324538,-0.142527897100644,"CHRM3"
66.6792850330647,-0.141839707698315,"RUFY4"
6.38701263779736,-0.140958812670516,"IL6"
8.55560012189202,-0.139893882518001,"KCNJ15"
3791.26318867901,-0.139681905635032,"LINC02446"
48.3653550601269,-0.139296789655614,"RHEX"
55.6048933400655,-0.139282826170758,"AL035446.2"
6.71666787387359,-0.138487722805836,"AC104819.3"
13.6817731257263,-0.13829487639032,"PDZRN4"
50.2341429507711,-0.138206888285759,"AC090125.1"
1289.96578710963,-0.137392209847251,"ADAMTS6"
49.1328221478362,-0.136391916200007,"KIT"
4254.47480250979,-0.135708739365188,"RUNX2"
66.0400324329321,-0.135708188367543,"OPHN1"
1486.67334370878,-0.13524661633858,"FCER1G"
8.00060211972247,-0.135244494543252,"AL162718.1"
16.3687311218828,-0.134814866206539,"ENPP1"
156.637800811505,-0.13466875177055,"KLHL13"
39.517819167847,-0.134455893923251,"FAM151B"
-1.66469099637843,-0.134413963215721,"AC002480.2"
19.6600873419359,-0.133760231801399,"MAPK10"
579.27356897393,-0.133708307134059,"PKIA-AS1"
44.468184467128,-0.132738836798366,"NCKAP5"
23.2820048548896,-0.132326050732035,"GAPDHS"
17.3314425953643,-0.131520051753801,"TTK"
-1.91961524755742,-0.13141886745655,"IGKV3-15"
1.855004602815,-0.131316260458607,"AL160262.1"
777.430397142996,-0.130828541284818,"AC079142.1"
660.518901975705,-0.130393171212477,"DISC1FP1"
32.7003337109773,-0.130113237349897,"NEIL3"
873.639060841201,-0.12965413990924,"EGLN3"
30.7297787321804,-0.129460573159165,"TNFRSF21"
26.0794012524108,-0.129136293048468,"TMEM144"
699.339517094857,-0.129107553269719,"CCDC102B"
27.651149330019,-0.129024878234885,"MUSK"
754.372675745327,-0.12888880415273,"LINC01684"
35.0489125034502,-0.128880035264048,"ANKFN1"
3.80060895674856,-0.127893578740195,"SCN3A"
423.516261821482,-0.127638406029816,"PLXNA4"
134.59021316227,-0.127382857128138,"RNF212B"
6.1772815643058,-0.126988106133172,"TFPI"
18.0130129415346,-0.126953645819687,"VMO1"
678.111338515841,-0.126103505826951,"LY86"
14.3721329221896,-0.126030878548497,"LINC00377"
17.8813171449191,-0.125968114417122,"AL139020.1"
84.7654000261127,-0.12506377529238,"COL4A3"
927.935943548098,-0.12478631624643,"NAALADL2"
22.9597340809113,-0.124749501403913,"AC073050.1"
61.6250727219883,-0.124109684723213,"NHSL1"
30.8114740780162,-0.123607594854962,"AC109361.1"
1456.24656125428,-0.123601525993469,"S100B"
297.327456601713,-0.123561730307691,"AP001831.1"
0.0853416813152804,-0.123560071032532,"IL2"
24.6484636119679,-0.123292844081355,"AC096577.1"
6.49972422576871,-0.121431583370237,"TRAV8-5"
393.093790291689,-0.121047051933964,"BCL7A"
24.8580269109016,-0.120967490181838,"AL136441.1"
143.030873927025,-0.120816563712604,"LINC01483"
10.3940593601835,-0.120274102896391,"MPO"
124.026681511774,-0.120018564589937,"DGKG"
1660.18776796582,-0.119682736714289,"ST6GALNAC3"
37.9650604682525,-0.118130089095627,"AC009570.2"
76.6588161647826,-0.118086793312022,"AL450992.3"
51.6285934080114,-0.117529565389018,"SPIB"
78.2047056329201,-0.117191576507496,"SPANXA2-OT1"
69.0088587465536,-0.11620490035715,"AC104041.1"
13315.7295432065,-0.115724509153027,"THEMIS"
34.5339211899367,-0.115624183933331,"AC006581.2"
37.9342385386387,-0.115211936582606,"TNFRSF17"
-1.04519298932409,-0.114781104247817,"ITGB8"
1196.99824578115,-0.114069757616201,"TAF4B"
0.775126229496972,-0.113469220550435,"LINC01794"
7.8173784492384,-0.113443335451295,"CAVIN2"
69.4811939551033,-0.11271705132952,"DTNA"
58.331202911588,-0.112516283645376,"MSR1"
2214.08030143123,-0.112502506590879,"BACH1"
2.70816917550599,-0.112390539573592,"TRAJ61"
165.348579697667,-0.112362989956743,"AL008633.1"
167.599965441797,-0.112296613832797,"FMN1"
20.5205079331585,-0.111794893516288,"LINC02432"
12.9401723892078,-0.111762915208185,"PAX5"
730.129232536087,-0.111024966390715,"AL359232.1"
1459.62432601984,-0.111003522995747,"AC002460.2"
646.576091620096,-0.110850541967289,"MTHFD1L"
660.406848537965,-0.110746934522671,"SUGCT"
26.8551979389425,-0.110424624814455,"AC002454.1"
141.411252295194,-0.110323333077867,"LINC00334"
29.8343959519431,-0.108884842613649,"CNRIP1"
12.5188724390309,-0.108469994777025,"LINC02664"
0.99877937154231,-0.108463238205821,"FER1L6-AS1"
58.2622039734646,-0.108448623197078,"ANPEP"
27.8824937643792,-0.10839579343532,"LPAR1"
103.457083361772,-0.108103124962777,"CCL4L2"
137.483030958168,-0.108026410190898,"AC090945.1"
4538.31032363222,-0.107586953724133,"PCAT1"
578.189731821399,-0.107545024382349,"NPAS2"
305.813241719343,-0.10750445224985,"RBM47"
118.535730031766,-0.107434653358726,"SLC30A8"
11.274718320521,-0.107387937338572,"STXBP6"
51.3864598784647,-0.107345537189062,"IDO2"
227.62759879536,-0.107283702040892,"FSIP2-AS1"
4.59818362154946,-0.107267912614125,"SCN7A"
177.044794262596,-0.107085664480198,"RGS18"
120.607281840932,-0.106670201274479,"BCL11A"
0.526462241168812,-0.106646499921992,"LINC01189"
16416.2359131529,-0.106464622213753,"RPS13"
49.6694008972625,-0.106288790502875,"CD300E"
61.5960934850208,-0.105962222097204,"ENOX1"
126.610952895604,-0.105837949857014,"NIBAN3"
134.681860535853,-0.105766785169473,"MID1"
194.200993670465,-0.105399539433201,"CDKN1C"
13.9538961399368,-0.105216426803598,"FCRLA"
134.626123596698,-0.105199794262097,"STEAP1B"
59.3560052439271,-0.105113409178425,"IGHG3"
16.910403542419,-0.105050914288714,"SSPN"
52.3998238357568,-0.10497989304913,"ADGRB3"
-0.486355162298034,-0.104890799731736,"PTGS2"
16.587167124729,-0.104450208475676,"AP001341.1"
10.4176335425714,-0.104288246951841,"PDGFC"
58.0765752835522,-0.104161484435401,"EBF1"
1.78629438343784,-0.104107099925028,"NETO1"
91.4943003587042,-0.103850633471899,"CCDC26"
147.803140393353,-0.103593584574835,"AP000820.2"
49.684791541281,-0.103332364222218,"AP001825.1"
92.080381467947,-0.103038919861441,"LHFPL2"
174.035829142561,-0.102084899701902,"AP000446.1"
338.261040471282,-0.102081395882652,"ACSM3"
35.4103253926689,-0.101921256024739,"F13A1"
1002.42640999023,-0.101611610510088,"IFI44L"
39.9802956846654,-0.101236235980171,"POU6F2"
1383.03807396045,-0.100882989124507,"AC008014.1"
382.405200714377,-0.100770827262156,"SGCD"
1490.25447834434,-0.100754935954234,"CSGALNACT1"
-8.05109028976502,-0.100491490856277,"LINC02842"
141.621526642799,-0.100095778111402,"SRGAP1"
3.17724672191308,-0.0997986206174848,"TUBB3"
0.128304302771411,-0.0997852082944368,"CD1E"
108.415158023478,-0.0996620140174849,"PCDH9"
-0.550084935217454,-0.0993609431468818,"PMCH"
716.696142199034,-0.0988840524205378,"HLA-DQA1"
12.4482729516488,-0.0987428554749905,"ADAM28"
137.472582671318,-0.0985729732443266,"PACRG"
361.258258426446,-0.0983502340861499,"AC006299.1"
31.3192425478434,-0.0982363373587922,"AC068643.1"
38.2439173896501,-0.0982291763242663,"AP001528.1"
1451.52524572945,-0.09812890399881,"AC027097.2"
173.042285873581,-0.0980984694905359,"MIR99AHG"
23.1335036181749,-0.0972671013183995,"AP000282.1"
-5.66169752998881,-0.0967581130049612,"AL590550.1"
22.0572095915985,-0.0967434522724635,"NTM"
179.861640227942,-0.0964215174064659,"LRRC25"
11.9773414391184,-0.0964107373740043,"AL050403.2"
-1.23568195395775,-0.0964095236519882,"AC010737.1"
9.55330902030759,-0.0961077016674381,"HEPH"
3614.32502158668,-0.0956197655067791,"PECAM1"
270.431596204638,-0.0954647991690736,"SYK"
601.237224346275,-0.0953922679483523,"AIG1"
198.112447693913,-0.0953159610774635,"CUX2"
29.6279913034346,-0.0951363631205217,"AC061958.1"
57.9910096511971,-0.095051165250367,"ENPP3"
13.6296987050187,-0.0948691944611351,"AC015908.2"
1617.1009089811,-0.0948413145888958,"FLNB"
166.645823153754,-0.0947170811020004,"MOB3B"
41.3319857747271,-0.0943176602731466,"AQP9"
1298.92965599211,-0.093933213410243,"ZC4H2"
11.6689199243242,-0.0937916784451173,"LINC02457"
138.146144595628,-0.0937403460140619,"SAMD4A"
8.78661148639666,-0.093400109230642,"LGSN"
9.87806051983186,-0.0930949987998888,"CCDC179"
63.6906001938147,-0.0928427194542408,"PLA2G4A"
683.836210777639,-0.092764075000161,"SUCLG2-AS1"
1393.68133425324,-0.0920168802419892,"MAML3"
1665.92748919363,-0.0919415655201504,"AL589693.1"
70.277514693043,-0.0918987996819894,"COL24A1"
148.899507237931,-0.0916794188904792,"AC090579.1"
2679.98657910058,-0.0915362775474875,"AIF1"
2554.28933064483,-0.0915207291648499,"BTBD11"
39.8028116620388,-0.0914170925684884,"SLC24A4"
240.676428388699,-0.0913704091240716,"AC116337.3"
200.585018535213,-0.0913404148404271,"CLEC12A"
23.4822285561925,-0.0908286276720154,"AC007368.1"
427.473383854956,-0.0908142541852844,"USP6NL"
380.922412708088,-0.0901531358922226,"TEX9"
29.5341859347804,-0.0898605222028007,"GUCY1A1"
5425.12773603901,-0.0897631877263554,"FUT8"
57.3856312924969,-0.0893405178837568,"AJ009632.2"
20.8756919197044,-0.0891261951465031,"AL158801.2"
1095.07409165785,-0.0890613882202784,"SERPINA1"
1649.22943663454,-0.0890501743999412,"C11orf49"
538.713478718465,-0.0884953794467041,"AC068051.1"
10.4207073975702,-0.0882838414455183,"LNCAROD"
13.8628807217783,-0.0879408521360677,"PLCB4"
623.31376527289,-0.087565982038506,"MARCKS"
317.926667215097,-0.0871126424017539,"BCAR3"
295.569398514872,-0.0869734746276554,"CXCR5"
5.77238127109462,-0.0866949268265488,"EGFL7"
54.1626928275335,-0.086666352634781,"FAM20A"
19.8223229243804,-0.0866001099192862,"AC008568.1"
76.6321294307228,-0.0860822293074713,"LINC01320"
409.927898068902,-0.0856733546213257,"LINC01725"
722.322272435291,-0.0855297236991423,"RIPK2"
23626.4905217661,-0.0854521648420473,"RPS12"
36.7840129716064,-0.0852428803918331,"KCNMA1"
179.090414129092,-0.0851979976691547,"AC011287.1"
1135.86168079727,-0.0849439510493946,"PELI2"
72.3467810569509,-0.0848899523520005,"AC096711.2"
277.787752724732,-0.0847246580194651,"PRDM5"
29.5368259775359,-0.0843677381342821,"FCRL1"
270.884227599209,-0.08429835348061,"PADI4"
93.8706583155105,-0.0841986559990274,"CENPF"
36.5499937784893,-0.0835858103716855,"SLC16A14"
610.21066270244,-0.0835488366747871,"GLIS3"
1696.04120059032,-0.0835356306057523,"DPH6"
142.063868920186,-0.0833528265502768,"AFF2"
22.738585705265,-0.0833265813831206,"MSRB3"
8.73074006416421,-0.0832525908751818,"AC005064.1"
759.243499102565,-0.0829961556140924,"PKIA"
196.546037417066,-0.0828482641590896,"GPC5"
4.81192704307555,-0.0826502424006642,"IL21"
298.524752620144,-0.0826003075931337,"FTCDNL1"
96.5095683745174,-0.0824003207640423,"DENND5B"
25.5492477915805,-0.0823322184591406,"FCGR2B"
2791.44564263586,-0.0822359724100704,"LINC01473"
-0.115970357844221,-0.0821669998938542,"AC134312.5"
32.4664944159437,-0.0821610244730497,"PARVA"
1022.19781097365,-0.0820125481690971,"EIF1B-AS1"
-3.88151894456194,-0.0819820746835166,"BMP6"
3030.92313927401,-0.0819498599560416,"SBF2"
28.640651270025,-0.0817805368435041,"SIGLEC1"
47.4231185766693,-0.0816401409890818,"AC090115.1"
107.932868873968,-0.0815028198878992,"FLVCR2"
254.730419898284,-0.0811768034302325,"NEDD4L"
90.0738806498138,-0.0807223328966382,"CXCL10"
12.6123420247553,-0.0806481360226294,"DIAPH3"
9.77405732911096,-0.0806022581469935,"PRR16"
20.8484401525742,-0.0805236834184185,"LRRC26"
20.9658125195285,-0.0803529079713086,"MITF"
-5.03107874377926,-0.0796816540675367,"OSTN-AS1"
170.023259038956,-0.0796240516720567,"AC120193.1"
1480.35450477898,-0.079617388707805,"TNFSF10"
105.802741220153,-0.0795662457055174,"LYPLAL1-DT"
15.8999098537428,-0.0794913739162508,"SLC22A3"
112.955835322423,-0.078878006255135,"SOX5"
179.939618505401,-0.0786781477125467,"SERPINF1"
27.7382705361672,-0.0785335162538368,"MRC1"
90.1037896802899,-0.0783187977687317,"TNFRSF13C"
319.752002937535,-0.0780536218216668,"POT1-AS1"
11.0746058521092,-0.0780424366981241,"IGHG4"
35.972092395872,-0.078036594479719,"NCAM2"
48.4307616500278,-0.0779672450604796,"AC026341.2"
257.366073990841,-0.0778737594791022,"MEF2C"
0.124308870158876,-0.0778617893888661,"AC011944.1"
48.3387264165316,-0.077668020544073,"HSD17B2"
73.0108048215589,-0.0776676329016033,"LINGO2"
1372.9005194215,-0.0775230963210445,"AC097376.3"
4.03383657806427,-0.0773480199990622,"LOXHD1"
9479.34746969065,-0.0773438926296088,"INPP4B"
2762.98494606519,-0.0772230660549928,"DIPK1A"
297.03122726769,-0.0771503778326224,"ATF3"
271.975887176457,-0.0768804684466485,"TNFAIP2"
42.6298808563309,-0.0767147833093361,"SLC22A15"
42.5443303289795,-0.0764982081380691,"IGF2BP2"
14.0821619922959,-0.0763876869013006,"KHDRBS2"
58.7990626930555,-0.0760688827440647,"GRAMD1C"
367.548422890919,-0.0759844686223154,"NCEH1"
0.219116731472814,-0.0758898945534337,"LINC02234"
74.9396425193257,-0.0758855459386923,"AC007319.1"
281.80289976405,-0.0757309761165839,"STS"
656.304241560312,-0.0757106791879359,"AC078881.1"
72.916885239072,-0.0756571611147347,"HLA-DOB"
10.6907434863169,-0.0756260312071401,"VCAN-AS1"
187.938497817096,-0.0755271666679951,"AC073529.1"
82.2864985367377,-0.0753298830709691,"SPOCK1"
451.869592188025,-0.0751748544627767,"DMXL2"
1554.92669038706,-0.0749448207220249,"UBE3D"
4521.40527854761,-0.0748939946381697,"TAFA1"
2311.48304339838,-0.0747307163273811,"PLCL1"
865.277691893628,-0.0746994401809527,"APP"
15.7540061073275,-0.0746709858408743,"TEX41"
6569.40809092609,-0.0741048043587823,"SLC2A3"
583.355226878403,-0.0739842075452188,"GNG7"
44.6909623127099,-0.073934455326432,"CHODL-AS1"
14.5817948140717,-0.0737813163212937,"CORO2B"
56.9174670383565,-0.0737299019260297,"ABCC3"
-2.54039046156776,-0.0737019276057581,"AC021594.2"
1197.93239027673,-0.0735824121190944,"FAAH2"
77.2981506147741,-0.0734836455695227,"RASSF8"
569.337333131782,-0.073400945482802,"BDNF-AS"
12.0386008703733,-0.0733755622439871,"PRICKLE2"
79.3530943578025,-0.0729554114072908,"AL157871.4"
33.8265490631662,-0.0727088151757689,"FCAR"
2.28443749238177,-0.0724848396527568,"AC004466.2"
1370.07073224054,-0.0720404263873639,"ANGPT2"
5.48490585952424,-0.0719600484332692,"COL19A1"
206.874536150444,-0.0713755784944152,"APOBEC3A"
23.3437065670197,-0.0704996653053319,"CDC42EP4"
7.76651508530179,-0.0704826058459533,"KRT1"
180.212100176152,-0.0704756479685362,"MYOF"
682.134969453832,-0.0701295849185568,"ITM2C"
31.3953393746806,-0.070103204108568,"SLC24A3"
78.9863813114516,-0.0699838157756919,"CCR10"
218.296486130221,-0.0697672860808475,"STK33"
753.274997225961,-0.0697146715305229,"CYBB"
4.63910768351013,-0.0695335198653176,"FREM1"
667.566290652998,-0.0694492114659261,"AC244131.2"
38.5165332627254,-0.0692934117426844,"AC092969.1"
25.4535332934593,-0.0692769513933327,"RUBCNL"
517.507304387297,-0.0690344193090106,"IFIT2"
70.3545365851173,-0.0690105229932478,"TCL1A"
76.5268901973476,-0.0685104532781884,"LPCAT2"
46.4134336408042,-0.0684302256670695,"TUBB6"
719.384648677463,-0.0683613501695898,"AC012447.1"
92.135998640814,-0.0682407343167887,"MACC1"
55.9810754397882,-0.0681152172657096,"TPX2"
170.743811178091,-0.0680564220799243,"RASGRP3"
11.0321864606352,-0.0680254173477738,"PPARG"
8.12257352372425,-0.0678513837471359,"G0S2"
7.42564792560274,-0.0678310027043033,"TICRR"
308.402341792929,-0.0677291307442173,"NAV1"
293.365746055994,-0.0671792259217802,"ZNF16"
418.140844512197,-0.0670410059673812,"CFP"
0.457250458587008,-0.0670173958752898,"IGLV1-47"
444.855026383665,-0.0669318068952178,"MB21D2"
1.53944037827895,-0.0667156246328922,"IGKV2D-28"
87.3120051623865,-0.0661643963446959,"SELENOP"
15.5148170865938,-0.0661180029730818,"RAB39A"
3410.76778619666,-0.0660201258798565,"UBASH3B"
22.6101039733298,-0.0659994745397419,"MIR193BHG"
197.626123030784,-0.0659460809790253,"ECRG4"
1139.28951894953,-0.0657808781140156,"RALGPS2"
194.520924787914,-0.0654917735706652,"SLC2A9"
5.82058965847046,-0.0654817830894821,"C1QTNF4"
19.6919545369688,-0.0650713595412769,"TCERG1L"
137.841354450897,-0.0649129529993422,"TOX2"
66.7670440032811,-0.0643958348884962,"AC109927.1"
41.394866767822,-0.0643412060255912,"MYBL2"
387.735165587391,-0.0641619783572629,"AC011246.1"
11.4555791470924,-0.0641165608790221,"BICC1"
371.434748715262,-0.0640772456223868,"AL512603.2"
170.914957689378,-0.0637777674503011,"CSF1R"
3330.19502442634,-0.0637437929361486,"INVS"
208.620305866097,-0.0636786319162961,"ANKRD55"
39.8270179796462,-0.0636183507605801,"MS4A4E"
0.389441037071659,-0.0634092041477271,"MIXL1"
789.733513016948,-0.0634024348098277,"DUSP6"
3315.77865979616,-0.0632334503301878,"PEBP1"
234.030966858495,-0.0632022153953938,"SLC11A1"
315.540187961403,-0.0622512949947252,"SPINK2"
49.502216157454,-0.0620728689408816,"CYP46A1"
234.656115497861,-0.0618176908609831,"CR1"
251.568877061186,-0.061757361531068,"EVI5"
18677.4083157713,-0.0616070275562812,"TPT1"
239.947840010033,-0.0615514804438442,"DLGAP1"
112.374576224191,-0.0612026559072074,"LINC02246"
37.057572921349,-0.0609280726995613,"AP001021.3"
49.2649641785541,-0.0609019151239776,"AC021678.2"
298.908786001134,-0.0607902918988537,"FRMD3"
205.990893575926,-0.060631870099947,"PKIB"
0.257822823535998,-0.0604149960326035,"AC069410.1"
577.94286776652,-0.0600703802774245,"GRIP1"
60.2489562011527,-0.0600200107669869,"ITGA9"
64.0824389655519,-0.0600027697819405,"CPA6"
64.6579868002615,-0.0598182541357136,"CALN1"
0.0658828104949088,-0.0596912232303409,"GRM7-AS1"
1383.37356083506,-0.0594534096530185,"FCN1"
2090.58534581645,-0.0593432493005146,"IGLC2"
20.3688792604411,-0.0592629182225479,"PDZRN3"
88.3394002993603,-0.0592270777791022,"AC021231.1"
31.2956011067291,-0.059165376645284,"POU2AF1"
911.967344494012,-0.0591015858589348,"LINC00662"
557.423427486012,-0.0590718947553617,"IGHM"
42.2711675015084,-0.059020035622045,"TFEC"
100.475324259765,-0.0588676206347383,"PRKG2"
37.3477752515113,-0.0588279496747723,"ADAM23"
153.699534782684,-0.0588276653810373,"PTK2"
166.005236250833,-0.0583481887255475,"NUSAP1"
460.094276079495,-0.0580359352313202,"TEC"
27.3304601195983,-0.0578610815636549,"SGMS2"
33.538012803943,-0.0578569274764542,"PTCHD1-AS"
25.2766401355923,-0.0573719591194444,"CLEC4C"
26.312027516696,-0.0573023038193027,"STAC"
2.87413645749771,-0.0571947846695618,"GLYATL2"
672.28317145985,-0.0570913461470347,"LINC01876"
413.224653712969,-0.0569774039647489,"SH3D19"
38.4526289682042,-0.0569071085541444,"ZNF804A"
1904.61662404349,-0.0568599155485173,"ABCB1"
260.5189954421,-0.0567841592900744,"OSBPL1A"
139.144778627041,-0.0566607725115946,"AGBL4"
1328.68908624331,-0.0562525287630563,"SLC16A1-AS1"
1272.11418927629,-0.0561834992897838,"STRBP"
46.3536272459737,-0.0561606488808954,"CALCRL"
2.64524655937647,-0.0560785770278471,"IGKV3-20"
34.6265224145766,-0.0559385109164193,"PLD5"
87.6698782096724,-0.0558161610503043,"GAB1"
201.704736157723,-0.0557739243536487,"RGL1"
86.4915943777114,-0.0557183154895612,"CSF2RA"
30.099920124896,-0.0557011762729218,"AC132153.1"
1569.0003184116,-0.0555530489302613,"BID"
1055.5818245695,-0.055539147371834,"SDK2"
48.1477390277579,-0.0554591056218447,"C12orf74"
99.0026567091903,-0.0553501171908188,"CIITA"
69.0224872133855,-0.0552988032295524,"IGF2BP3"
437.085960253017,-0.0552908752582056,"AL110114.1"
123.208936771551,-0.0551322239977986,"AP000829.1"
110.059692470252,-0.0547983925318913,"SESTD1"
4463.12078464609,-0.0545955229978345,"ZNF331"
2495.3253943013,-0.0544950971547635,"CRADD"
101.553405083306,-0.0544941322651945,"EPHB1"
1027.04593879116,-0.053990005176026,"FANCC"
1003.26660227117,-0.0538348992447092,"MIR181A1HG"
5.0551567129095,-0.0533655750420297,"SLC7A3"
-1.52935906073882,-0.0525256388456169,"ELAVL4"
15.5607243814186,-0.0525178798969958,"ABCB4"
1203.37814383986,-0.0522624640739706,"UGCG"
52.8380146967393,-0.0522523832352006,"ABCA1"
719.254950490714,-0.0521258349944156,"ERVMER61-1"
919.883493723243,-0.0520936759071352,"RAP2C-AS1"
31.0054751905441,-0.0518824774905259,"AL034397.3"
-5.23852060299227,-0.0518408734439699,"IGLV1-51"
31.9051195449177,-0.0518039623255461,"GPM6A"
189.130983242914,-0.0518036241926796,"IRAK3"
218.697561657802,-0.0515988585819306,"LMNA"
-0.315292595105238,-0.0515724919452254,"CLC"
214.790587804311,-0.0508191626916719,"AC021851.2"
122.310741564477,-0.0501838923443433,"LGR4"
45.5682169670033,-0.050038817580453,"TRIB1"
63.679104698031,-0.0498703058559374,"MYO16"
293.072488021667,-0.0498269759798983,"ARHGAP31"
15.5793587715268,-0.0497811058110276,"AC005699.1"
776.0353131274,-0.0495577772559611,"LINC02245"
8.8637453670955,-0.0495531462336075,"AC011472.2"
771.874092964145,-0.0494532762952806,"TTC28"
43.3309537855579,-0.04925133541867,"FBN2"
102.616240573883,-0.0492388269619611,"AC106729.1"
48.1064354589235,-0.0492325804431415,"WNT2B"
26.1744942529908,-0.0491902278517362,"FRAS1"
15.3530191173931,-0.0491364037549455,"PLAAT2"
776.268119882579,-0.0487866819666669,"SLC25A33"
6164.50193047972,-0.0487803797380412,"SMYD3"
2419.90633517098,-0.0487788378329577,"HDAC8"
4259.66573809094,-0.0487706581309027,"COTL1"
96.7926727444071,-0.0487441453249838,"SHTN1"
18.6360330596081,-0.0484896487570552,"PDK4"
581.044452484691,-0.048357513916206,"AL049828.1"
267.235544534637,-0.0481519121198428,"PDE7B"
704.639233059383,-0.0481113760051324,"TENT5A"
452.828330327765,-0.0480384890670103,"HLA-DMB"
2.17792320868056,-0.0480048269811651,"LIF"
280.157077972613,-0.0479293348551029,"NEDD4"
2773.95372200519,-0.0478836456040608,"NFKBIZ"
646.243762749523,-0.0478598006189481,"IGSF6"
0.310352956303641,-0.0477608428825965,"AC003666.1"
154.302331228054,-0.0477069426398737,"CREB5"
73.9578360168764,-0.0476588639215456,"SPRED1"
1734.9240249024,-0.0475461684853424,"IFITM3"
331.76071489861,-0.0475428695912292,"PLEKHG2"
92.0911050373438,-0.0474162472163848,"LUCAT1"
61.2001285468448,-0.0472558424831189,"AC116362.1"
114.315453562261,-0.047199341063046,"RYR3"
68.5526886200303,-0.0470849290211325,"NEGR1"
529.672238552178,-0.0470260568132859,"TNFSF13B"
4446.85743624179,-0.0468590539096507,"SIPA1L1"
1.32272080476524,-0.046750186808822,"APOBEC3B"
635.506880377403,-0.0465852523391717,"SNTG2"
163.47126994418,-0.0463991911009202,"AP001347.1"
114.395836629437,-0.0461436317750354,"AC024901.1"
228.673476647086,-0.0460997147380743,"MAFB"
411.412193002438,-0.0459405127582136,"GAB2"
290.87518166384,-0.0458457250468073,"DYSF"
763.044726935374,-0.0455583085111077,"LINC01572"
69.982723921816,-0.0455541228944384,"MAP7"
148.436176144969,-0.0451277672173154,"RTN1"
225.977006726967,-0.045124711532004,"BANK1"
261.493993049025,-0.0450339737197383,"AC008403.3"
18.6135437405076,-0.0448378519841375,"AC019197.1"
12.6029554395404,-0.0445759387189403,"PRLR"
182.715808653083,-0.0443889904029835,"MCM4"
26.4779890243597,-0.0442978513170256,"DCDC2"
19.9589696260085,-0.0442722622975468,"FAM78B"
-0.515317430365681,-0.0441277555940243,"LINC00692"
46.7906240665325,-0.0439610361693773,"LINC01033"
1013.70777052805,-0.0437771225864941,"STMN1"
3.62718770454329,-0.0435758604541393,"AC073578.2"
7143.63560547629,-0.0433578150914713,"LINC01934"
10.6532740495687,-0.0432828542898169,"KIF4A"
11.365008472693,-0.0432343678179374,"GLOD5"
22.4404758217678,-0.0431943071477935,"LINC02208"
443.743695076975,-0.0431039265837851,"AC073332.1"
258.419674387181,-0.043072515937776,"ACER2"
114.184733611268,-0.0429832142697236,"HLA-DQA2"
28.1926388671678,-0.0429429695489187,"MERTK"
1.74590969938443,-0.0429319617052958,"AL133335.1"
1812.81904821184,-0.0427484236438722,"DGKH"
2.20750814568545,-0.0427313320884418,"AC090709.1"
25.7772265938838,-0.0426431492380002,"NPR3"
828.35069287121,-0.0424435450187426,"IGHA1"
178.895719434443,-0.0423060064965761,"CCDC50"
5173.662534436,-0.0422569912320061,"HIST1H4C"
231.194524598625,-0.0421734646460287,"LINC02391"
2146.12285093296,-0.042115999002781,"EXT1"
0.436985720771769,-0.0420537602938544,"HTR7"
95.2433053390213,-0.0419896864181404,"RAB20"
9.63579711104327,-0.0419726040573083,"AL603756.1"
783.375870929655,-0.0419150889424266,"PLSCR1"
1491.21989019985,-0.0418937755021823,"MPP6"
-0.543085768006674,-0.0418741908452282,"RAB7B"
62.1057881935354,-0.0418677108613108,"ZNF385D"
10884.0614148517,-0.0418045261175754,"DPYD"
435.564903873435,-0.0414874719806475,"HCK"
32.4741850360252,-0.0413450999906901,"ESCO2"
661.604928880371,-0.0411552617683106,"ARHGAP32"
115.769475716108,-0.0409279533792574,"CACNA2D3"
1068.78695932532,-0.0407716745333447,"ANO10"
6.83799540885824,-0.0406827616470284,"LINC01340"
4631.14004446474,-0.0403302889483296,"CDK6"
7175.07735374961,-0.0402696926851407,"TRBC1"
530.520625456867,-0.0401769266377701,"EPB41L2"
508.547767658332,-0.0398031919065879,"ZC3H12B"
21405.9142124291,-0.039764559872642,"TMSB10"
34.77200179532,-0.0397634489467697,"DACH1"
538.354392327318,-0.0397096907489176,"AL353660.1"
162.295471560129,-0.0396963307956655,"ADGRE2"
487.810485108187,-0.0395043120666455,"MAGI2"
1.69013174875263,-0.0394741283138044,"SERPINB2"
123.095183705513,-0.039320602709223,"PPP1R9A"
36.2928428873778,-0.0392888402508095,"LIN7A"
2.30122619203795,-0.0390261953595959,"FFAR3"
159.767587863816,-0.0390227479968082,"WDR64"
15.1178251422267,-0.0388311073078038,"AC010996.1"
582.091860381078,-0.0388213448618519,"TPRG1"
680.589910814693,-0.0386242454058387,"IL1RAP"
1064.51112447834,-0.0385869084783338,"MAST4"
567.26606303142,-0.0383661067352447,"AC092650.1"
117.167131969491,-0.0383611229173217,"POLQ"
26.6900519341343,-0.0381743614702413,"AC007381.1"
431.250868586626,-0.0381131308803707,"ABHD5"
67.3634352673508,-0.0380541096477315,"MGST1"
2.85755288798008,-0.0379165121126734,"HIST1H3B"
44.8657520962115,-0.0378246666198708,"ITGA2B"
726.746770752588,-0.0377401347813375,"IGLC3"
24.4763821472897,-0.0376810881912592,"SLC27A6"
160.472292128632,-0.0373391586389017,"CSF3R"
777.218069106031,-0.0373209203839598,"TNFRSF10B"
21.2901273244862,-0.037123672961814,"MEF2C-AS1"
2668.79761682275,-0.0370888055460407,"RGCC"
4.73022067632629,-0.0367584974554951,"AP006261.1"
194.913664221502,-0.0365991209659146,"GK"
61.0772458355768,-0.0365913979234173,"AKR1C3"
52.6489657781433,-0.0365614268114518,"THBS1"
101.435945256276,-0.0365463996201609,"SORCS3"
1618.80214692883,-0.0365291078832388,"C9orf72"
106.346506414188,-0.036344472586945,"SLC9A7"
59.434218052295,-0.0363404715432002,"PCLAF"
371.716457204531,-0.0359888565235884,"PRAM1"
146.983120319157,-0.0359646837805022,"FGD4"
330.122897775712,-0.0358987381687589,"SUSD4"
89.2323171041074,-0.0357004032991966,"PTPRG"
0.465157704420962,-0.0354472368545298,"MMP2-AS1"
125.863154723752,-0.0351652001091381,"LILRA5"
804.420647239559,-0.035157320981195,"KIAA1958"
762.364481715605,-0.0350774080567069,"PHLPP1"
5.92713341880755,-0.0350732356871776,"LINC02211"
4.78140170506807,-0.0350404194537468,"BTNL9"
42.7178168354107,-0.0349632334280412,"GTSE1"
-0.0687488514558003,-0.0348197473699942,"IGHV2-5"
12.9615919496443,-0.0347615135465191,"DNAH8"
191.524679544237,-0.0347390871581057,"AP001977.1"
116.679872482913,-0.0346026955789723,"MIR3681HG"
1251.98655508488,-0.0345719438589427,"LRIG1"
5.82578441795639,-0.0345362019784897,"IL1R2"
1245.95883770643,-0.034442903496347,"AC079447.1"
1022.58876010662,-0.0343868181917609,"AHR"
446.929084532174,-0.0342961409323656,"GDAP1"
0.428224181256057,-0.0342190369112657,"XCR1"
400.37751419707,-0.0340952897109024,"ID3"
36.2636976110348,-0.0339516066629999,"VIPR2"
1401.08472990012,-0.0339456783782376,"SAMD12"
101.557547293793,-0.0339076742881272,"NRG1"
62.178057453993,-0.033761419477957,"CCDC170"
1959.63852941969,-0.0334229001842025,"CRTAM"
41.2610514410039,-0.0332647812874412,"AC124254.2"
2121.83086827035,-0.0328835205696933,"SIPA1L3"
225.585316625107,-0.0326359762030768,"LINC02315"
287.18826231725,-0.0326014976163818,"TACR1"
92.9335567418685,-0.0325461159254436,"DEPTOR"
13.8368537538091,-0.0325145762542834,"SERPINI2"
512.545561154893,-0.0324280902593714,"TBC1D8"
174.91335362745,-0.032357882907693,"AL109930.1"
33.7250746218859,-0.032201130689711,"Z93403.1"
119.318285677594,-0.0321104313366776,"AC018754.1"
22.1475437481165,-0.0320860941986467,"TRBV23-1"
5488.58446297226,-0.0319694537592456,"ANK3"
1534.71939166353,-0.031873332561015,"COX10-AS1"
328.624079539163,-0.0317534180700787,"SLC8A1"
403.060628033285,-0.0315765302140367,"SOX2-OT"
153.075635972688,-0.0314207396851696,"HSD11B1"
835.25608602875,-0.0314128845220295,"ZNF438"
0.0230041172486563,-0.0313157910023084,"IGLV6-57"
234.398298139906,-0.0312927059080497,"OVCH1-AS1"
122.132254939104,-0.0310000515669007,"UGGT2"
1.69690834705222,-0.0309829312141245,"IGKV3-11"
19369.8136025344,-0.0309532040060552,"RPS15A"
1233.93846745117,-0.0309517998801082,"IFI30"
2113.37968111868,-0.0306489555701179,"EPSTI1"
851.486972773066,-0.0305457870547536,"TESK2"
947.599844998069,-0.0305263285665424,"ADAMTS17"
65.8410546061758,-0.0304668358506193,"SYN3"
388.267164538881,-0.0303965212397547,"STK3"
1534.62908981759,-0.0302162028567824,"NFIA"
71.6189666193086,-0.0301435213510479,"TREM1"
148.129953817753,-0.0301415246466916,"CLEC4E"
14.6925031987816,-0.0300902557091172,"KIF14"
112.100856136352,-0.029896688445975,"LINC00159"
678.570783597046,-0.029773245930286,"AC083870.1"
362.044954451218,-0.0297678238726937,"KIAA1324"
198.81613813882,-0.0294385525700788,"ARHGAP24"
-0.84517654629191,-0.0293880252448151,"TMTC1"
224.629552417865,-0.0292627062526961,"CADM1"
349.948924052949,-0.0291532793812999,"PLAGL1"
0.57497377693035,-0.0286443839452444,"SLIT2"
131.545621444229,-0.0285321845429424,"AC104035.1"
37.0405354823449,-0.0281878420259552,"RANBP17"
52.9078041630291,-0.0278362010950478,"PLIN5"
24.8096546407176,-0.027624634225499,"AP000462.1"
317.986211251665,-0.0276004060755053,"IER3"
69.2654397127499,-0.0275573183316385,"AC020656.1"
1540.40100066639,-0.0272467131120386,"VCAN"
333.069494276711,-0.0271844970332985,"IL4I1"
828.932138644072,-0.0267404891819491,"SLC49A4"
553.542126371072,-0.0267389537904848,"CYTH3"
306.958379824216,-0.0266954324565619,"TXNDC5"
19.6715888955264,-0.0266768023172942,"RGS6"
1121.22989723435,-0.0263595541471015,"AQP3"
399.468373278932,-0.0263466136349226,"LINC01505"
120.647937826395,-0.0263204924803458,"AC004158.1"
-0.106580161218444,-0.0262348741148461,"CERNA2"
15.0300984068311,-0.0260591749902679,"GOLGA6L7"
133.508858219319,-0.0260247511615724,"SLC43A2"
140.638980846612,-0.0260168082268104,"ARHGEF11"
38.6389067890934,-0.0259073658006271,"AC090921.1"
105.805851199638,-0.0258585169172147,"AC008629.1"
910.291834720097,-0.0254564925209039,"ZBTB20-AS5"
368.431017884816,-0.025347866522191,"RTKN2"
8.08323292855494,-0.0250061731777647,"PRSS2"
-0.0525280690313062,-0.0247097183924069,"IGHE"
607.580649553255,-0.0244769531011225,"MARCH1"
421.262319376885,-0.0243651490182364,"GRK3"
50.0106792670561,-0.024330522313131,"TNFRSF4"
2.75632942194417,-0.024318031658434,"AC097375.1"
11.2554592766506,-0.0238441513341908,"SIGLEC6"
11.6492342088418,-0.023835372163836,"GP1BB"
62.9148385850975,-0.0237852284688573,"PARD6G-AS1"
12.4137405291611,-0.0237588426971258,"GPR39"
541.541753833903,-0.0236639866978491,"CHODL"
13.0721597469365,-0.0235252097922667,"SEMA3D"
477.513253913243,-0.0232902958833921,"PILRA"
4.66465970651271,-0.0231148488017809,"IGHV3-23"
766.45520843236,-0.0230729864138243,"ZFAT"
100.335955569466,-0.0230700041068355,"LINC01829"
83.0223168914198,-0.0230530428477978,"MYO1E"
31.5303151646546,-0.0229591185121198,"CTTNBP2"
37.6014316289607,-0.0228671147356104,"AL445213.2"
396.99758196744,-0.0227520663060483,"AC019130.1"
2460.53868903583,-0.0226740159168078,"SCMH1"
223.744273225507,-0.0226497198906024,"WWC2"
-3.9268823485175,-0.0226381626768492,"TCF4-AS1"
896.447871971947,-0.0226127603191162,"DIRC3"
105.205404731537,-0.022220697430499,"FIRRE"
242.489269557347,-0.0218258235754449,"AL162493.1"
791.814556342779,-0.0216661020009999,"CEBPD"
728.470750271605,-0.0216307165278162,"AL136456.1"
5190.66060726388,-0.0215176085761889,"FCHSD2"
98.1921817953887,-0.0214103059780601,"ARHGAP42"
537.082024400446,-0.0212859150584087,"HELLS"
44.3734666128679,-0.0212495496372172,"RAPGEF5"
32.2940226316402,-0.0212083390791049,"AC020779.2"
362.347953331973,-0.0211230871353148,"HULC"
246.545199972859,-0.0209910695928925,"TNF"
152.299727668232,-0.0208992749466066,"CCL3L1"
64.3707306171348,-0.0204642523570625,"SLC5A4-AS1"
149.491750590992,-0.020422825272357,"ENTPD1"
184.375450338362,-0.0202316012305691,"RAB31"
35.9780521462233,-0.020193683452496,"SH2D1B"
364.849922424484,-0.0201528799207411,"AC009313.1"
14.5967869610766,-0.020005675469306,"AC019117.1"
7245.55719956496,-0.0197993964929967,"CD8A"
11.7795719312622,-0.0195627915332571,"IGHA2"
216.963254433335,-0.0192328894291685,"PHACTR1"
282.894801970527,-0.0192255311148761,"ACVR1C"
11.7958923989261,-0.0191911836010719,"PROM1"
3.09410271961735,-0.0191210900580009,"AC020651.2"
-5.82543279594052,-0.0189623967169724,"TSBP1-AS1"
440.679252875471,-0.0187944277512035,"SPECC1"
2.44090330853723,-0.0185989880681738,"ZNF385D-AS2"
1742.9542151689,-0.018574792774762,"MX1"
200.326372067569,-0.0183653186521588,"AL365255.1"
150.343637160685,-0.0183384867333931,"IL2RA"
546.844170608158,-0.0183122266058685,"TMEM176B"
30.2139656512808,-0.0180731798273846,"CCDC168"
-1.35773022858138,-0.0179616896677652,"MEG3"
46.6807116938434,-0.0178734166114649,"CRISPLD2"
721.253635460035,-0.0177572121722002,"CCDC138"
121.072887496338,-0.0176873231525678,"HDX"
-0.108703341362631,-0.0175395997372383,"KLRF2"
271.007228395352,-0.0175113303879794,"AC105402.3"
-86.7105175146031,-0.0174888057743991,"UTY"
2381.25918352263,-0.0173517581899317,"ADAMTSL4-AS1"
3429.23127777753,-0.0173404392309781,"GMDS-DT"
182.495032423165,-0.0173392650784523,"LARGE1"
159.807624540052,-0.0171490460884317,"EPB41L4A"
136.633528396688,-0.0170168422858782,"NRGN"
-0.0132736098408016,-0.0169321404784555,"GRIK3"
4683.45648486083,-0.0168822062394477,"TNFAIP3"
4.88785212487558,-0.0168173780850928,"AR"
887.128895017302,-0.01668325959672,"CDHR3"
55.1293172725519,-0.016643835729483,"MME"
560.728158343524,-0.0166168774037287,"NCF2"
65.7782547563699,-0.0165877393205365,"AC010343.3"
2016.8861019158,-0.0163718540669417,"HMGB2"
11.9767636741459,-0.0163019495541409,"AC234031.1"
1195.86352611077,-0.016254403245971,"GCH1"
97.7335953437806,-0.0161372544992849,"CENPE"
2545.18114186987,-0.0157433173198145,"CST3"
590.350038197569,-0.0157125045404993,"KIF9-AS1"
723.307365016291,-0.0156830068717021,"AC026341.1"
606.448974304058,-0.0156580302461827,"CACNB2"
202.008468761353,-0.0152127256774872,"AL590807.1"
20.3086155885312,-0.0150197682127948,"AC002331.1"
5467.52328606722,-0.0147814974706707,"TUBA1A"
5.56962950573971,-0.0147453225761842,"IGHV4-59"
113.136960972595,-0.0145573021701204,"RNF165"
295.413576001567,-0.0144030933267861,"LRP1"
27.8738502307567,-0.0143432345444679,"STEAP4"
1073.83201860478,-0.0142565870268559,"IRF7"
10510.0611080752,-0.014168947951903,"TRAC"
0.1101016963808,-0.0140671044776139,"RGS13"
4.56462637615499,-0.0140365478102083,"CDCA2"
194.834361322499,-0.0139635699857332,"AL355076.2"
173.395200041095,-0.0139234714162608,"P2RY14"
287.203403013929,-0.0137258214215892,"PARD3B"
667.120155156203,-0.0136183331847977,"GSTCD"
17923.7457712957,-0.0136029012167511,"RPL39"
4082.29846733851,-0.0134182211801414,"ATG7"
1876.83408210872,-0.0133673038124483,"TMEM117"
16.8803810072133,-0.0132887264632383,"KLHL4"
72.8028906914096,-0.0130135929207421,"AL359915.1"
1770.42248276787,-0.0127157284691549,"ATP2B1-AS1"
2304.63210063454,-0.0124849574001607,"TEX14"
2326.84543749867,-0.0124446886975775,"PDE4D"
697.193011332913,-0.0121767505215457,"CD79A"
3223.30292468653,-0.0121274999405762,"ZSWIM6"
193.352000986898,-0.0120982372189936,"ANGPTL1"
450.828866130692,-0.0120540386774986,"P2RX5"
160.469105181699,-0.012004178031087,"TRAV6"
442.48436781343,-0.0119540375779902,"AC008771.1"
113.208452761964,-0.0119268009893112,"EPB41L3"
1.35853669014013,-0.0119076967088031,"GPR42"
576.960399681031,-0.0118735171230293,"BCL2A1"
181.715720005602,-0.0118178855587405,"PID1"
88.8041942522099,-0.0117693265808631,"ARRDC4"
2.78369418514199,-0.0116460958955991,"IGLV2-23"
0.0488409797903838,-0.0116228683203323,"IGKV2D-29"
66.6872623401479,-0.0115919164933619,"GREM2"
166.934759698181,-0.0114912031486354,"AL139317.5"
1312.00013065323,-0.0114890679038223,"RRP12"
-0.771953892860767,-0.0113193781853318,"KIAA1211"
216.966942459773,-0.0110869428853305,"ICAM1"
266.236462686781,-0.0109971616940272,"AC073475.1"
0.000149835163434531,-0.0109875888857543,"IGHV3-74"
2043.36414464799,-0.0109760564554594,"TET2"
4526.12953353691,-0.0105739433230139,"JARID2"
82.9465419807932,-0.0105317971381821,"LRRC63"
741.691820522504,-0.0104166099837819,"PAK1"
1112.26317610358,-0.0102722741780436,"ASAH1"
46.7378017441184,-0.0102536256077346,"CKB"
178.680130775137,-0.0101249723930423,"SULT2B1"
6419.01694941366,-0.0100521326429682,"CAMK2D"
482.835692440381,-0.00992001933700703,"GCNT2"
142.612440177637,-0.00977011990153812,"PLAUR"
917.693481481563,-0.00976467658206107,"GRN"
869.033289699548,-0.0097306483344034,"CENPP"
153.82966330918,-0.00959741751484362,"TMEM163"
3082.89063788517,-0.00952278542623775,"VMP1"
332.130282316509,-0.00947015773906027,"CCR6"
66.6630314062422,-0.00946487555626918,"AC009315.1"
94.2938625202722,-0.00943500409286674,"RRM2"
9.03548379330857,-0.00938231152534163,"NYAP2"
512.145514884233,-0.0092494789499433,"DNM3"
223.786000210652,-0.00911885945921088,"RNF144B"
4424.86384795588,-0.00907806609134809,"PSAP"
38.4053347396925,-0.00896611477961154,"SNCA"
18.2907207420993,-0.00867243448473101,"LINC01122"
239.72535785114,-0.00861846552000216,"LEPR"
121.906820553173,-0.00836432259534072,"COCH"
319.242937163031,-0.00833009444579306,"PDZD2"
16.3380299830285,-0.00829292754692137,"AC004053.1"
99.6894485487222,-0.00824658985981262,"DPH6-DT"
553.50201467814,-0.00814033400208185,"PLXDC2"
5733.19382463859,-0.00810011245067234,"LYZ"
16.0854896683023,-0.00804327457118728,"SCN9A"
120.570528920786,-0.00785804840948077,"ANKRD22"
-18.8768136779535,-0.00780686401234747,"AC087280.2"
92.7451698892089,-0.00773438353746471,"STPG2"
1.57182931275064,-0.00773355065103674,"TPSAB1"
234.062596263613,-0.00749518875214066,"GEN1"
0.0179431157468258,-0.00740581393839354,"IGHV4-39"
89.3793255569334,-0.00730778728849358,"ABTB2"
38.96869977463,-0.00713532364860259,"LINC00937"
860.212595264828,-0.00696144879337885,"ADAM22"
1969.2200013383,-0.00695355039804739,"GATA3"
23.7633571170561,-0.0068295544748997,"CUEDC1"
7569.2304284304,-0.0068184675801792,"S100A9"
130.537429367086,-0.00680559000315912,"AF130417.1"
548.530535315955,-0.00677444796962139,"ABCA3"
62.7008006564599,-0.00674911060461844,"JDP2"
1681.31691096914,-0.00673477688931059,"ABL1"
-0.0331882069475348,-0.00649673735062842,"IGLV2-8"
3104.64026690353,-0.00629271780460715,"TRPS1"
488.330938856522,-0.00594647184746891,"TBXAS1"
0.0195813979223772,-0.00584129269247913,"CYTL1"
0.000210273179122818,-0.00575761564014012,"AC233755.2"
1003.68191102626,-0.00566721523289329,"SLC2A13"
9815.99045136696,-0.00544028464955218,"FTL"
51.4559516082744,-0.00543195531733427,"PLEKHD1"
22.0662709342649,-0.00525290305640938,"LINC01937"
30.7544115091571,-0.00521986077594517,"CXCL8"
481.58689893164,-0.00505750849286583,"ESR1"
243.565145255519,-0.00504785643903916,"SLC31A2"
0.000195003510931681,-0.00500477408300762,"AC091889.1"
2.7110193157215,-0.00498944880617848,"AC103758.1"
246.514100306538,-0.00476827381875241,"SULF2"
728.147809232276,-0.00465297357503243,"RASGEF1B"
117.500916575922,-0.00452357664812869,"CTLA4"
1.40156041289965,-0.0045066492196448,"AC079753.2"
908.018937466432,-0.00423577448961113,"AFF3"
341.43839128584,-0.00422269642284111,"TWSG1"
2639.99906582292,-0.00419509327810343,"GBP1"
12.4359946540955,-0.00417591236408963,"ZNF521"
955.910199879551,-0.00409761993178183,"DAB1"
471.234123372499,-0.00391679394073092,"ME1"
3242.13102502252,-0.00391573986834918,"CTNNB1"
1118.89978754074,-0.00387366758097023,"RNF24"
0.0679540645162626,-0.0038624586424398,"AC026746.1"
154.302211268055,-0.00384159170107926,"LONRF3"
234.620946734472,-0.00378970823788665,"LGALS2"
618.817138303532,-0.00370415748518605,"LINC01376"
7.95073824834588,-0.00332110523280298,"SDC2"
405.205739027287,-0.00331869399947694,"IFIT1"
46.2620126324763,-0.00328165118924541,"OR3A2"
53.4547616096939,-0.00320343560524337,"ID1"
71.271644830461,-0.00314182807750587,"IL1B"
1.16115644860454,-0.00303681188827892,"MYCN"
1586.69671480521,-0.0030327205778614,"MEGF9"
91.3976622332044,-0.00297155231126975,"FCER2"
853.528757914265,-0.00289063014610374,"PCNA"
764.748407317509,-0.00287371857696358,"FNIP2"
727.918000901486,-0.00286251360777704,"NAIP"
181.077362667487,-0.00279987263344314,"EPDR1"
1482.80447008901,-0.00266791111112576,"ATP8B1"
435.000169301522,-0.00265315293039459,"C8orf37-AS1"
319.58759683593,-0.00252062173899749,"CADM2"
26.5066382117033,-0.00251380492081584,"TMC1"
0.561358312826331,-0.00242362026798654,"PRG2"
684.848797438138,-0.00229761132893369,"RNLS"
11.9326703398561,-0.00229498220262273,"SERPINE1"
1438.95543857038,-0.00217614908828273,"MNDA"
98.0774820581457,-0.00207906691431207,"AC069277.1"
33.5356280442671,-0.00178824745391652,"IDO1"
2058.16053664898,-0.00159776674833955,"FAM222B"
48.677019193187,-0.00154718458815372,"LINC01781"
376.150615268471,-0.00146922377867028,"KLRC1"
1105.19457265758,-0.00134576692968736,"TAFA2"
5.15308502294586,-0.00130945755683628,"TSPAN13"
538.986003713593,-0.00128456141938159,"KLHL32"
42.8501616864033,-0.00113899681113926,"SLC41A2"
13.1886621364304,-0.0010466796373237,"LHFPL6"
12.3542169788804,-0.00101581358095692,"ADAMTS3"
2175.84306130006,-0.000955553044942221,"MYDGF"
45.7764610933382,-0.000933797291708064,"CHST15"
1178.14594612262,-0.000816839679462322,"YBX3"
77.8569198988175,-0.000582261145329972,"AL163541.1"
54.4315576658524,-0.000306155964915238,"PDE8B"
103.520619259834,-0.000227480530257102,"IGSF11"
320.048337484554,-8.70317058338179e-05,"MS4A6A"
-11.4447019398058,-6.21677537013097e-05,"CCND1"
54.7994976616972,-5.27098794693488e-05,"DANT2"
204.311126965806,-2.25753626299787e-05,"LINC01146"
30.2323422939533,7.76932452918505e-05,"DTL"
1194.00423841053,0.000113251507495662,"AL050309.1"
115.190120980984,0.000183607626504639,"SPRED2"
617.415021899506,0.000191001237698546,"SPATS2"
64.75808485,0.000335077257493797,"CPED1"
130.624017932507,0.000353304407238564,"CDK14"
35.1448268624171,0.000411228203790422,"SPOCK3"
453.007986714818,0.000518668183058357,"CFD"
71.2850533767665,0.000649364341993678,"AL513166.1"
46.9848941589885,0.000686777487809121,"DERL3"
40.4283915408682,0.00121875660392139,"KCNQ3"
69.5523617875948,0.00162639567017929,"AC018742.1"
145.964209967011,0.00164719919600758,"MIR181A2HG"
144.762186864547,0.00174343196914042,"HMOX1"
-0.0841048325187009,0.00181895166014834,"LINC00900"
104.690818383264,0.00203570799217295,"CACNB4"
1325.34670934206,0.00222700637015529,"IPMK"
12.9083276203156,0.00226292004925982,"TUBB1"
419.564406892347,0.00226707535405273,"DLEU7"
27.5926679068068,0.00231538003282167,"AL138828.1"
0.667547326131027,0.00251789318497335,"TIMP3"
133.800468237278,0.00254891857230017,"AC109492.1"
297.470720659232,0.00281903464686439,"JCHAIN"
1024.45145270048,0.00304487433226075,"CCDC88A"
1247.0013260068,0.00305246326371713,"ICOS"
1951.79858767623,0.00307342229951695,"PELI1"
28.1543181199032,0.00311272049987896,"PTH2R"
367.191919135428,0.00312479186376208,"CD68"
920.00021079961,0.00319312134948063,"IRS2"
3.91447969707956,0.00329714258966187,"AC107021.1"
161.220847155864,0.00344866441864982,"NIPAL2"
2249.18452961106,0.00353675605948601,"FBXO32"
12.7293475962897,0.00371672716064197,"AL353072.2"
69.9154321306718,0.00375966014175285,"DST"
201.478875894119,0.0037621740163609,"WDR63"
11.9264630145606,0.00385058300597038,"AC093459.1"
74.9434611155725,0.00399720913937628,"CLIC4"
1190.12923801776,0.00406964188144358,"TIMP1"
972.075130633396,0.00407494243503391,"MXD1"
1787.7901471117,0.00409656114868186,"TYMP"
407.701782901071,0.00423025145830652,"RFX2"
117.334067449949,0.00429869946913509,"PRKY"
224.093302334577,0.00442388625066469,"KAZN"
2322.95761207206,0.00459716627436513,"SOD2"
721.632759868008,0.0046029668344145,"CPVL"
2.15553057181511,0.00463774281207176,"MYO16-AS1"
69.0203077820244,0.00468507245847258,"APBA1"
1.83669204539424,0.00468839591229057,"AC093879.1"
180.506633033501,0.00475560935932214,"DSCAML1"
130.586204151746,0.0048544323551179,"BASP1"
32.8041972479499,0.00497973411492595,"NETO2"
379.311409748174,0.00499976701839242,"CD38"
-7.87198578473921e-05,0.00500477408300762,"IGHV3-49"
111.752111581584,0.0050065325890983,"AL157911.1"
-0.130920365670683,0.00503821765884004,"HTR1F"
1266.94914894742,0.00506295396710081,"SKAP2"
1352.95934450092,0.00507012152642744,"FGL2"
1.72212813290206,0.00512079560333327,"PLSCR4"
129.846685626088,0.00515108750715782,"TCF4"
27.6449796659599,0.00521157114964269,"STON2"
85.5330395817608,0.00524445471422755,"CLSPN"
960.122451084256,0.00524727283299358,"STXBP4"
68.5254015292758,0.00529014084389222,"AC011498.1"
29.9945168688681,0.00531897907003254,"CLEC10A"
5045.19213576726,0.00536010204135171,"SPIDR"
42.5916330603391,0.00543112863804943,"FLT3"
132.989542904385,0.00545298396690553,"AC064834.1"
-0.00167516185075242,0.00560535805273084,"PHEX-AS1"
211.040385426191,0.00570568315517201,"ANK1"
112.048892573586,0.00576063933531874,"RIN2"
86.3866630244085,0.00591962665465456,"PLD4"
1476.17802186944,0.00593537875753869,"LST1"
618.429341635696,0.00595525863389863,"CD83"
14.0725666784336,0.00605791216071369,"LINC01374"
189.556147763101,0.00613901212752936,"AKAP6"
1.14418970822179,0.00636810243523538,"IL17A"
456.857201517519,0.00653357172810384,"DIAPH2-AS1"
0.216967645900255,0.00653582399972854,"HOXA6"
579.728778049877,0.00660323262030208,"CCDC200"
60.1061071351793,0.00665656241370219,"CTSL"
377.436506277793,0.00672990721530577,"BLK"
593.021537519377,0.00684982065446153,"ALCAM"
2142.98938294622,0.00693995984873194,"FILIP1L"
478.742805577611,0.00765737722764556,"ANKRD6"
2716.57338808968,0.0077384502068782,"IKZF2"
64.2145330922403,0.00784358473642089,"HMMR"
146.93827712195,0.00814443450261372,"LINC00571"
8429.56843023721,0.00830657391332387,"WWOX"
144.210867003797,0.00866372202032834,"CASC15"
777.756006079581,0.00876072286050126,"INSIG1"
990.41563273343,0.00888800829867793,"AL691403.1"
0.0149380200811391,0.00898898667685307,"KCNK17"
564.713817185144,0.00905966832075553,"DISP1"
47.7560451687193,0.00906131660255686,"ARHGAP44"
1017.33165608073,0.00910971440011597,"AP1S2"
28.7721284833605,0.00958441742192009,"NLGN4Y"
371.369581717838,0.00958891378823152,"AREG"
3029.99908277101,0.00964548716694535,"HLA-DRA"
188.230028534634,0.00968364095166849,"CLEC7A"
-14.5028688227871,0.0097235087815267,"AL079338.1"
814.325319466877,0.00973595878308054,"MYO1D"
6.43768864395653,0.00977657720125104,"PTCHD1"
2370.78051827882,0.00978219752699815,"TUBB"
21.2628446309481,0.00979511185784321,"AC064807.2"
68.6331883816162,0.00990040642692879,"TNS3"
357.167196786894,0.00998588758191372,"MAGI3"
67.0801550512363,0.0101558251424759,"LINC00877"
183.260848247695,0.0101673323014576,"B4GALNT3"
234.825395031549,0.01044456144674,"HSPA1B"
319.820444856927,0.0105638057093789,"ZFHX3"
1.6973769541468,0.0105648770966213,"IGHV3-7"
705.611749625714,0.0106064105923367,"EPHA1-AS1"
1372.02370661394,0.0107346783105319,"RNF130"
15.5963455089954,0.0109256025036119,"RBM24"
1333.96173548438,0.0109869851709101,"CNNM2"
42.6530062858229,0.0110255504717191,"HES4"
510.462943424975,0.0110490123785625,"FGFR1"
408.822344644937,0.0110714449302354,"UFL1-AS1"
121.52649597662,0.0113076785321976,"DOCK4"
1319.94823117388,0.0113648635272345,"AL365295.1"
6062.42917397381,0.0115448357311356,"S100A8"
25.3945481444219,0.0116283935691792,"SCAMP5"
371.92847940753,0.0116474129296259,"AC023590.1"
96.3382245031327,0.0116632598421147,"PRKG1"
127.844678228031,0.0119285377986342,"LRP1B"
113.79051147896,0.0119710578317367,"MLF1"
27.2962688075027,0.0120903813672802,"MIR924HG"
125.905337164712,0.0121531659088472,"MS4A1"
25.7373465028469,0.012153543318593,"KCNH8"
0.123178152508833,0.0122293074138136,"APOC4"
22.9130986297892,0.0123217994011439,"PHEX"
34.9211928218654,0.0123372172101368,"HESX1"
-0.722173682354245,0.0124965242947949,"AC090796.1"
142.443844402216,0.0125470225350026,"AC114763.1"
14.8566623521295,0.012610130369918,"RASD1"
2251.06445771716,0.0131564833088381,"SYAP1"
231.555463602132,0.0132709708529568,"AC009226.1"
908.097831960966,0.0132991423395377,"RAB30"
301.946962969044,0.0133279305691028,"CLIC5"
2712.62387546445,0.0133549096948049,"IGKC"
133.978115922791,0.0133689951863525,"OSM"
0.0222517250667779,0.0134155557594126,"AC104024.1"
2.90629586992164,0.013471390673361,"IGLC6"
43.4624609237241,0.0136393465206404,"COL5A3"
-0.0387852930486259,0.0137699434294244,"AL133475.1"
157.621788128496,0.0139260824077662,"AC104123.1"
284.0393983187,0.0139662554432456,"AC130324.2"
846.926359514084,0.0142447389109709,"EPHA4"
194.140249997865,0.0147129174241491,"MED12L"
494.640128646451,0.0147232981847419,"CMTM8"
1012.7132946214,0.0148623934861652,"ZNF710"
2.71791446508361,0.0149625936118212,"IGLV4-69"
50.2846228879436,0.0150562848333458,"CDC42BPA"
71.5849631499217,0.0151016724632236,"LINC00278"
1261.81776815039,0.0151779099020875,"SLC14A1"
3.95220933870492,0.0153198251391259,"UBE2C"
53.2150561188246,0.0153550277724744,"CD1C"
553.429315039167,0.0157131122382814,"AC078785.1"
1124.55737962034,0.0157671216187759,"WARS"
16.5599241995071,0.0159297113219227,"ZNF462"
77.5763152962546,0.016034978538409,"P2RX1"
68.3733002412415,0.0160506806363475,"DOCK1"
-1.43397973075529,0.0160538505271617,"NPTX2"
1152.87331649554,0.0161185978546194,"DHRS7B"
19.0051762009403,0.0161495003764782,"AC021723.2"
1266.60795062759,0.0161836062326891,"SEC11C"
4.13453007786105,0.0162262777089348,"AC089985.1"
2591.34357729869,0.0162896926514596,"POU2F2"
909.512281634305,0.016384279355091,"SGO1-AS1"
3322.98194576206,0.0165019826508537,"TFDP2"
557.724962633816,0.0166486831619408,"STX11"
4098.07482916113,0.0167756768442119,"ATP2B1"
1.90661162136362,0.0167778683202227,"AC137735.3"
15.2173964739572,0.0169490865473579,"AC025887.2"
115.337565039511,0.0170067684047748,"C5AR1"
1914.26561833084,0.0171718742878978,"TMX4"
8717.72487833153,0.017225303359497,"FTH1"
53.1036165606903,0.0172831704090327,"TBC1D9"
2.43719741547556,0.0173780647236632,"LINC02397"
26.2387156582138,0.0178471865824318,"IFI27"
2.29344329172204,0.0180804329963913,"SHC3"
663.200496038174,0.0182423143298672,"HIST1H2AC"
190.877495962827,0.0184484641804999,"MGLL"
29.8702809550742,0.0186733396009207,"PAPSS2"
207.738820916415,0.0189924015691966,"CEP112"
18.0870954257215,0.0190355948876739,"AC105411.1"
16.8152505223524,0.019063653207357,"DGAT2L6"
192.292340210037,0.0194499064731815,"MS4A7"
171.72609984882,0.019734928382329,"CD86"
1.43899897840084,0.0198158375108275,"HDC"
153.406169850592,0.0205116099414248,"NLRP3"
6.04132017619715,0.0205123222834572,"PKMYT1"
496.09264543914,0.0205648564922306,"SPI1"
675.474323649978,0.0207161191099087,"CALHM6"
42.666108741403,0.0207222944578889,"NKAIN2"
-6.13678689687887,0.0207998788592474,"HBEGF"
0.809805938589675,0.0209917383399403,"CD207"
16.2108231819299,0.0210144447757694,"OLR1"
261.298177681161,0.0210660872592813,"AC034195.1"
731.683384897358,0.0211880627455817,"AC015849.1"
47.7335457734502,0.0212838798384498,"AC084871.1"
1024.46817169008,0.0213527963795292,"AC139720.1"
455.458204875396,0.0215412125956542,"CD36"
542.947010586938,0.0217458464580753,"CPPED1"
737.885311209338,0.0217529517578056,"KANK1"
117.453801571856,0.0218123547163942,"ANKRD33B"
27.9092544076686,0.0219255812553448,"ZWINT"
-0.03079761312677,0.0220090688484591,"IL1A"
17.4548688910688,0.0220554252631755,"E2F1"
160.587832407896,0.0221154428055695,"AL592429.2"
8.52370504419053,0.0221295408675209,"SLC8A3"
2.34832745137758,0.022182764388694,"AC108879.1"
254.142375301891,0.0222445753376934,"LINC02506"
1102.51544792294,0.0223202085945201,"TCF7L2"
284.3336982115,0.0224011305150196,"GIHCG"
100.598921161697,0.022404375723019,"FOSL1"
1116.08012583783,0.0227499145978828,"LINC01891"
375.570577744709,0.0227757031884225,"AZIN1-AS1"
113.966527915349,0.0227796605703021,"GPAT3"
3205.46334783992,0.0228980403148781,"NR4A2"
72.8357569605684,0.0229249759905023,"CYP27A1"
1334.84488592219,0.02295429667326,"IL4R"
221.901596049018,0.0231118598281973,"LIX1-AS1"
230.947276837471,0.0232416321034341,"ENPP2"
13.2327153519594,0.0232922292266142,"PRKD1"
2.67114799354486,0.0233673277506084,"MROH9"
38.4047294407427,0.0234011017549755,"FCER1A"
229.919990958669,0.0235732471445758,"EGR1"
38.9621820808535,0.0236444388386545,"ARHGAP22"
12912.7267478416,0.0238829635965641,"CD247"
966.072775784253,0.0241171631370168,"ELL2"
470.255765419531,0.0241476916420187,"ST8SIA1"
9814.69162380322,0.0242016252586472,"VIM"
95.5988331198569,0.0242540787323805,"IGFBP7"
-45.3612375718964,0.0244635815265447,"TSBP1"
98.5644753908342,0.0245156464452343,"PRKAR2B"
199.116414030118,0.0245733618155953,"EAF2"
999.93362339133,0.0246707415892489,"ADCY9"
0.332170151909251,0.0247849423300817,"PPP1R17"
355.581239679367,0.0251795677887613,"EPS8"
150.711229262553,0.0253089782398153,"IRF4"
68.6235372418702,0.0254849326364462,"WDR49"
1125.04575366424,0.025500361678545,"MIR646HG"
61.3243975094003,0.0257898718413289,"AC068633.1"
4247.04701010478,0.0259942415257574,"HSP90B1"
144.193926811163,0.0264052898835371,"MZB1"
45.2130450300963,0.0268823663000631,"AC098588.3"
1372.02785164823,0.0270043875419898,"ZBTB16"
3.53324425062459,0.0271247974833359,"IGKV1-27"
-0.108726677510234,0.0271609883622257,"AL035665.2"
22810.9640611054,0.0271747563735466,"RPS29"
23.126560798403,0.027294951179125,"ASPM"
1.87395243765117,0.0274274787402413,"IGLV5-45"
235.48702592931,0.0274427675379794,"DOCK5"
435.751653588579,0.0275432756279343,"TMEM182"
-0.425806494132994,0.0275490804742033,"AL139340.1"
1347.88987917319,0.0276009005239915,"TMEM156"
84.5777578501709,0.0278990123625161,"L3MBTL4"
15.4850857263938,0.0279041077310759,"COBL"
423.484870012427,0.0280631588941042,"ARG2"
6.06765661874964,0.0280912658798146,"SLC8A1-AS1"
993.899933957162,0.0283709184447656,"AF165147.1"
460.46962696438,0.0284573574628966,"CCDC30"
430.970451411486,0.0286593506020801,"RHOB"
16.1395372063996,0.0286929841473694,"LYPD2"
88.2868208291415,0.0287879751410919,"RGS7"
30.6074036259995,0.0289066117679427,"SLC12A3"
126.883061391215,0.0291501938079978,"DAPK1"
235.360354713753,0.0291985284921858,"NR4A3"
1943.74569668213,0.0292511477672813,"MAP2K6"
1.77264176511357,0.029277729991147,"CXCL1"
221.76691056353,0.0293858625371098,"STX17-AS1"
58.4234788309395,0.0294832700082186,"KNL1"
22.6095399039415,0.0296170718280874,"ITGA9-AS1"
251.172790932671,0.0296722935204034,"CCL3"
2567.01219027812,0.0297932158091533,"PDE4B"
123.371566598331,0.0298152551635511,"TMEM170B"
642.266739012304,0.0299125194227171,"MARCH3"
51.6030182519827,0.0299560450024412,"SH3RF1"
53.2847422066318,0.0300560536400567,"OSBPL10"
766.59016446715,0.0300692850703594,"CPNE8"
134.892549860563,0.0300972672971568,"ZRANB2-AS2"
13.0349780516748,0.030258190971442,"AL357873.1"
1033.89919923152,0.0302961778973364,"XRCC4"
196.26169171562,0.0304376566717234,"SMIM25"
2238.86266118734,0.0304567734637134,"FOXO3"
138.036174219728,0.0304763409990477,"LINC02055"
17.4824050746031,0.0305341620427088,"HCAR3"
457.979587349782,0.0306268330776951,"CD79B"
18.0743560500735,0.0306387125747011,"CCDC60"
3267.78625340346,0.0306598411093331,"SCLT1"
147.776664229763,0.0307083475462558,"IGHGP"
25.0803349281421,0.0307318780654256,"C15orf48"
153.088587790969,0.0307745084058873,"CLIP2"
38.6660708150485,0.0309242786578073,"DPY19L2"
796.859205410312,0.0310742932239231,"ZDHHC14"
228.105540960236,0.0311785383626398,"IRF8"
738.561928007044,0.0311975401322465,"EDA"
69.8003771770325,0.0312289616439114,"WDFY3"
431.362323280823,0.0313872890110403,"GFOD1"
93.7988444834944,0.0314802672164955,"CNTLN"
1124.45358906458,0.0315181004409458,"HLA-DQB1"
1149.55115853012,0.0315379967576907,"HERC5"
433.372532606109,0.0316071108280281,"NR4A1"
160.888042772138,0.0316855416935326,"LGMN"
30.2808703931041,0.0318203043248638,"FGF13"
64.1670751289612,0.0321034066366521,"RBMS3"
503.500974219044,0.0322162445202772,"SOX4"
27.6243498296455,0.0322906476274903,"CA8"
35.0752277152718,0.0323611921251237,"SYT1"
-4.97238510078234,0.0324277218980583,"CYP7B1"
680.507640781496,0.0324508469709925,"LGR6"
1461.41366044135,0.0325072548631228,"NCF1"
10949.0752558167,0.0328565634119321,"TRBC2"
475.169666353507,0.0329579728940941,"RGS1"
84.0367892303911,0.0330587672754506,"ANO5"
68.1408520309593,0.0330786891059919,"PBX1"
147.073605536649,0.0331609097842562,"AC010168.1"
456.056531713855,0.0332773378113132,"MCC"
0.829225513169464,0.0332826299866603,"FCRL4"
118.629320767654,0.0334089372997355,"NEXMIF"
384.251295931077,0.0337040772866195,"ROR2"
1471.02830047841,0.0337275611237177,"NAMPT"
145.584265264208,0.0337911490007048,"C1orf54"
41.3896426673463,0.0339625533375788,"LINC02284"
3604.16073925365,0.0339919249339043,"RABGEF1"
90.339405995236,0.0342425011081014,"IGHG1"
169.017962353601,0.0343699641800614,"EFCAB11"
1224.22002500058,0.0344762447846856,"CEBPB"
5429.92373059627,0.0345255002872275,"CTSS"
26.3651306098685,0.0345482953393101,"STK32B"
18.283643587393,0.0347842170545924,"RUSC2"
1002.71844976939,0.0348144265708208,"HLA-DRB5"
57.7262325966025,0.0348804520615736,"ANK2"
2147.2086919095,0.0351784574062515,"HLA-DPA1"
422.576771650063,0.0351851502572835,"CRPPA"
176.56837892409,0.0353215370039777,"ARHGAP11B"
659.913149528066,0.035407560980939,"GRAMD1B"
4.0811000796637,0.0354644989289909,"AC068413.1"
622.643065856454,0.0354913240456542,"CD14"
393.852022886678,0.0355348451896458,"IFIT3"
187.547491240037,0.0357205429204978,"ITSN1"
117.920907304581,0.0357873714633651,"MEIKIN"
173.8534326806,0.0359966921429645,"RETN"
122.823539209273,0.0360734541661501,"STAP1"
1242.33041091886,0.0361532216016041,"AC006001.2"
1.96908369836852,0.0362340978819228,"GATA2"
9.74164038049163,0.0363110732547095,"FGF14"
80.5903809872573,0.0364184348380516,"PRELID2"
9.59038666716192,0.0366206113894401,"C5orf64"
1103.92486510363,0.0367290171601854,"FAM102B"
609.437205925956,0.0368952781505702,"IL15"
20.8387013785111,0.0369837077853394,"GFRA2"
986.714861682229,0.037784868642128,"AC093865.1"
37.3030730709292,0.0379649337619893,"LILRA4"
871.911914935302,0.0380021454727969,"TMTC2"
85.97703701881,0.0380268449141753,"PIP5K1B"
-1.08366885854795,0.0381040467354109,"KCND3"
0.133480726641844,0.0385099460413373,"IGHV4-34"
44.0443518724722,0.0387169212480028,"NCAPH"
105.332464885223,0.0391057809101302,"KIF13A"
305.459535478466,0.0391138551619115,"SGK1"
2464.50108472129,0.0394268854020139,"TYROBP"
527.216218010222,0.039798178411589,"IL12RB2"
895.495552316201,0.0398987569538077,"PPM1L"
-1.84565442096711,0.0399796113871099,"AC074099.1"
55.1226321627816,0.0401832123598893,"LINC00200"
125.443629952159,0.040282840046068,"ARHGEF40"
718.995699365005,0.040465449871585,"DOCK3"
2351.66741583978,0.0406801263366785,"SAMSN1"
409.87812087755,0.0407262254492338,"MPEG1"
104.717830432909,0.0410742297461852,"AL392086.3"
35.3513389144663,0.0412530888440238,"TMEM178B"
361.09889972231,0.0415038647994202,"TGFBI"
11.5460975154559,0.0415897954620476,"AC083837.1"
1290.69219304083,0.0418086197131541,"CEP128"
7684.53050854413,0.0418529645212291,"CD74"
734.902605168459,0.0419569671760352,"AC020916.1"
90.4863864038295,0.0420117247459508,"SASH1"
1385.08589838458,0.0420157155824521,"PSTPIP2"
731.370766872516,0.0423113477151688,"CASC19"
116.287291249791,0.0423994501043395,"RNASE6"
64.5973482521534,0.0425926313561631,"IGHG2"
0.971924134936383,0.0426550919248867,"DYTN"
65.3357129499882,0.0427050890621193,"ACOXL"
2055.18218800778,0.0429247243962135,"LMAN1"
111.348480967256,0.0430782306259299,"FAM160A1"
2322.58655923195,0.0431021263417119,"ALOX5AP"
112.634671037052,0.0431363181937748,"KYNU"
493.060755033106,0.0432024806204029,"AP003086.1"
4633.25089763371,0.0433722571384251,"RNF125"
1983.59081369102,0.0434027980889829,"HLCS"
127.932049442213,0.0435824322478691,"CENPM"
142.205532712212,0.0439061440735058,"EEPD1"
5.03787757041687,0.0445139476401371,"CYYR1"
4.65929947084028,0.044698604827591,"AC092979.1"
325.646648886138,0.0451774740401795,"PLBD1"
103.655050499685,0.0454246438696655,"LINC01362"
2867.02361596719,0.045433257583675,"ETV6"
-0.0307278051699821,0.04543569748362,"TNFRSF11B"
9.65383982943865,0.0455144310018083,"AC092131.1"
35.8791226359812,0.0455608128961231,"CTDSPL"
-1.27148482915577,0.0457289579900841,"CHAC1"
25.6908905456574,0.0458290410414819,"ROR1"
8.35925434298555,0.0458886133541595,"AC074212.1"
0.687433337286502,0.0461905212591729,"KRT7"
264.590660452008,0.0462639237449782,"LILRB2"
672.530938494467,0.0464947535237837,"C11orf80"
1003.70890385761,0.0465184159233523,"PDIA4"
6.29624091353704,0.0467131747509348,"FCGR3B"
46.4347306321516,0.0467711627075378,"MMACHC"
886.36959637105,0.0468290666863936,"KIAA0825"
194.923218581774,0.0469850147720975,"TLE1"
1124.94069962752,0.0475704016198977,"FGR"
29.4132504145177,0.047710772543396,"MIR503HG"
18.7123833989016,0.0478065406616697,"CLSTN2"
98.8767178088663,0.0480666717776359,"AC114930.1"
4.96269598071384,0.0481323811348236,"RANBP3L"
22.0613506271695,0.0484462504278623,"STARD13"
108.003599748737,0.0486322273320395,"IL7"
261.052589445418,0.0486624779552622,"LINC00907"
478.994944481394,0.0488498657119851,"S100A12"
864.1601042387,0.0488766538806335,"DOK6"
358.831096439989,0.0488859361568088,"MCTP1"
117.934882263773,0.0489814731332203,"SMPD3"
34.1013298508949,0.0491875036551525,"LINC02149"
1.81836172427046,0.0494608647623282,"IGHV1-46"
20.9349484845838,0.0494932470816817,"AC007100.1"
16.091552906199,0.0500015875921948,"AL355612.1"
14.951650199973,0.0500641589617066,"FCRL5"
11.4739473601541,0.0500876699028464,"CADPS"
1050.051552488,0.0501647429891718,"TRGC1"
233.438211828861,0.0504949131623054,"TLR2"
407.005066840623,0.0506168941901443,"FAM13A"
37.8351677939004,0.0509358400203857,"XG"
2.57840362785256,0.0510329579235666,"E2F8"
264.400219160656,0.051061943725655,"CTSZ"
914.714451460144,0.0512756284801901,"GAS7"
21.7044081598024,0.0513643556447432,"AJAP1"
26.2063608601132,0.0515446596775117,"CASP5"
257.717544187905,0.0517998016253244,"STYK1"
14.3064174872336,0.0518824895382627,"CLMN"
80.4861587256565,0.0520708156844029,"LDB2"
3355.14354108279,0.0521698442449588,"TUBA1B"
76.5828755809269,0.0522289523454678,"NIPAL1"
280.765011834554,0.0522929743556151,"MAP3K20"
961.608874326398,0.0522939133074181,"MTSS1"
77.6412755044046,0.0523193963314465,"IGHD"
168.163574002394,0.0523576639135597,"KLF4"
254.960388242625,0.0524163594824733,"STXBP5-AS1"
76.4740489029736,0.052464726434803,"GALNTL6"
138.489735660305,0.0524707283151606,"FGD6"
1141.19961714971,0.0525259625871073,"GPR183"
648.266225757209,0.0525573833909579,"AC078845.1"
154.038490531374,0.0526065114460579,"CHN1"
30.4313843978705,0.0527179045808111,"CD22"
7128.79078375712,0.0529102823285787,"KLRK1"
652.118222230585,0.052917887531442,"PHTF1"
50.7043407771536,0.0529791239529959,"CLNK"
766.667966727624,0.0535125112519911,"HLA-DMA"
190.005560533349,0.0536971994335064,"NCAPG2"
-0.00175771195585791,0.0537333822311545,"AL135937.1"
48.9142831766233,0.0540496464018733,"CHSY3"
774.60029809316,0.0541227430522776,"RGS2"
54.0842298429992,0.0544355222262494,"GAU1"
32.0705587747512,0.0548175022765129,"LINC01727"
558.986152412594,0.0548511558542692,"ACSL1"
128.065223232946,0.0548691081037553,"ALDH1A2"
2036.72366854837,0.0549109429392186,"JAK2"
1048.7359301998,0.0549750777066125,"PLEKHA5"
4772.72347078454,0.0550359078096326,"SSR4"
1477.51678038978,0.0551158579470075,"TPD52"
447.462644363789,0.0552764992348541,"AC103591.3"
2.79939320583775,0.0554662660468105,"TBX10"
6.7571926188398,0.055667867219938,"HES1"
-0.245432294180926,0.055935312200285,"AC073359.2"
4.70502137508159,0.0560283410708278,"AC111000.4"
3.72145406527751,0.0561211751696701,"C1QA"
7.04282844849082,0.0563777398019786,"INHBA"
9.68074306812421,0.056669765696719,"AL133467.1"
16.4766809349294,0.056726346379626,"FAM198B-AS1"
96.7708516822586,0.0569442009882921,"NUP62CL"
0.823494054605045,0.0569830553739371,"RNF217-AS1"
526.001951097258,0.0571798170556334,"AC098829.1"
234.133334551775,0.0573792069280715,"SCGB2B2"
67.1398285137221,0.0574132044312253,"DUSP4"
1561.4836554684,0.0575017225103374,"RAB11FIP1"
1.19395523957202,0.0579997152784854,"ST18"
72.2674436190026,0.0581603056854829,"SRGAP3"
4.1101824200821,0.0581987143700734,"TNFRSF13B"
22.7663265373812,0.0582183028924779,"THRB"
930.276693829573,0.0582337096447704,"RILPL2"
71.9192425508803,0.0584105051286987,"ATP1B1"
32.6907548351263,0.0584142160216773,"NLRP12"
25.6915664197344,0.0584597178304619,"NLGN1"
1812.16767458572,0.0586998283438873,"HLA-DRB1"
62.1142599511238,0.0587815793766265,"ADD3-AS1"
35.6272539087294,0.059069602642882,"ITGA8"
13.8506988599272,0.0591946933125613,"AC100800.1"
2790.42021192856,0.0592267911897884,"LGALS1"
-0.0176942296475758,0.0592565851871253,"AL160254.1"
132.409188454796,0.0593175149240705,"PTPRS"
665.277214612923,0.0594516539389992,"ELOVL6"
26.6905847686853,0.0595688865999864,"SEMA3C"
929.257963146496,0.0596640030896314,"MCOLN2"
174.775432828595,0.0596832177757612,"NR6A1"
51.8594225079806,0.0599855805759772,"AC093916.1"
79.4356722409715,0.0600121267132552,"GFPT2"
58.4169212729139,0.060026791498133,"HIST1H1B"
2400.52241144691,0.0601269792944385,"FKBP11"
576.859248795301,0.0606925051758202,"KLRC3"
4.94999426243072,0.0608105161983161,"SLC38A11"
3775.42862861775,0.061846123700264,"IFNG-AS1"
9.11715009807267,0.061986149250565,"TACSTD2"
7.9370899770837,0.0624392249589096,"GAS2L3"
0.0234275714608363,0.0625041588595445,"SULT1C4"
368.619476593192,0.0626133432900843,"CNR2"
0.223238100489091,0.0626383301527,"IGHV1-2"
149.90226614527,0.062789206111663,"PTPN13"
808.528726024594,0.0630137484737289,"IGLC1"
366.318334689591,0.0630257293320344,"IL18RAP"
13.5444902265079,0.0630381328659168,"PPBP"
6.07975925163198,0.0631355650928284,"HJURP"
237.967113988906,0.0633184552371873,"SWAP70"
183.412328303992,0.0633528195145793,"LRRK2"
8.89839713053834,0.0634522620134198,"LAMC1"
390.907484326682,0.063531465577519,"BNC2"
13.8156615201937,0.0635386093361663,"CEP55"
252.766705663121,0.0636208884618994,"EFNA5"
1393.62574851363,0.0639319430129471,"C20orf194"
13.3114987785665,0.0642260446584428,"ARNTL2"
47.7921969191446,0.0644657963229251,"AC107032.2"
18.434065607477,0.0647320421698757,"SEMA5A"
346.267674672368,0.0648684872531165,"AL136962.1"
73.3949439323263,0.0648885207757676,"AL078459.1"
12.5017476572611,0.0649732339331103,"PBK"
378.838062289114,0.065021664881193,"LINC02694"
158.531261216393,0.0652444376847953,"AC011511.2"
77.9137634965536,0.0652611171958299,"NAV2"
1749.96098547141,0.0653034395443561,"UST"
194.466562171461,0.0656821173850599,"AL049779.4"
13.4429748825404,0.0658715744857692,"AC077690.1"
68.2097765725926,0.0660400275229918,"LINC00470"
178.059946144875,0.066144202332866,"PERP"
3309.45622084411,0.0662334742683113,"QKI"
69.7953869769654,0.0663769950765891,"WDFY4"
3852.99436963728,0.0664109748038315,"NFKBIA"
133.751142784423,0.0670040884741836,"S100Z"
1535.29276346419,0.0672211154835184,"LMO4"
1099.80586301822,0.0673920309107159,"SLAMF7"
-3.05013482536372,0.0677300839830958,"CLEC4F"
2369.83723800256,0.0678096191684325,"EVA1C"
9.14599164685324,0.0682656578693662,"AC098617.1"
1403.62324110547,0.0683601466757261,"PTPRM"
-0.0156895063804223,0.0683722198050858,"MSLN"
-30.7213225221502,0.0684655820090757,"AK8"
963.647057584657,0.0686260899580182,"MICAL3"
1182.1267025805,0.0688589592038369,"MANF"
-17.4711466895751,0.0698046642410886,"RRAD"
152.605259074462,0.069911933036353,"AL158198.1"
6.72565509279088,0.0699343480573547,"LAMP5"
8.50807719801021,0.0709784998162957,"IGF1"
-0.21974508316356,0.0711089713619799,"LINC02470"
112.335283376453,0.0711705377104388,"AP002383.2"
272.980649932177,0.0712684542940441,"CCSER1"
2090.36443961055,0.0712850661970371,"SEL1L3"
351.821732893439,0.0714655695218372,"LINC01163"
94.769864688204,0.0716734411315017,"EML6"
2051.02270709033,0.0718425852069069,"FBXO34"
16.7549201693689,0.072241842247618,"ZMAT4"
665.508514109494,0.0723100174473171,"MICAL2"
141.049793469821,0.0724301581623707,"AC013652.1"
21.7282880375144,0.072563373732742,"IGLV2-14"
388.062610112599,0.0727096387492195,"SLC4A8"
109.598227037744,0.0728420876283359,"MACROD2"
43.7445103559651,0.0732812016318093,"IL34"
827.988290673096,0.0736841647691665,"HIP1"
44.2434457705967,0.0737911879474113,"LINC00926"
7.2603162229411,0.0739712029322148,"IGLV3-1"
4.75238886028475,0.0743610008695971,"AC017028.2"
-0.694613420246678,0.0747738172632381,"AL390783.1"
1337.14015681048,0.0749555542053574,"LYN"
415.495220729726,0.075070222537663,"SPATS2L"
982.101265096814,0.075147813336285,"KLRC2"
7.67254644963075,0.0751551739217985,"IGHV5-51"
0.2660266819504,0.0755809240279176,"CLDN5"
31.4035093370421,0.0755996464180652,"AC127526.2"
929.296401709123,0.0756281705085776,"ACER3"
58.2407282446784,0.0756925892483576,"TTTY14"
1.71162193945337,0.0762105667133015,"IGKV1-39"
76.9068073018103,0.0765175880769898,"VAV3-AS1"
314.537979939516,0.0765800696185841,"FRMD4B"
8.44070848872362,0.0767980575831728,"AC063944.1"
84.6714309709536,0.077372881476751,"GPC6"
1.16898058935163,0.0774222708173129,"AC010880.1"
38.6086696656637,0.0777012285752159,"TOP2A"
32.7248474759847,0.0777656684202032,"GRIK4"
4840.16605366124,0.0777985514483571,"S100A10"
9.86359142258223,0.0779954662570055,"GINS2"
245.935961419213,0.078054457310569,"BRIP1"
1841.91243859104,0.0785955405210684,"TSPAN5"
17.1713842568225,0.0786247166643348,"FA2H"
292.856836906094,0.0790427028311167,"IFNLR1"
2974.56135158284,0.0793481997680548,"ISG15"
21.0165475491845,0.0794366662890638,"AXL"
46.1816584146889,0.079457007689467,"PAPPA2"
107.776193463224,0.0797768105602419,"C5orf17"
34.0627219359751,0.0799029563344915,"VPREB3"
12.63866674645,0.0800990491545944,"SCN1A-AS1"
128.188531002912,0.0801018634910356,"AC008691.1"
4.23274640185263,0.0803871588458449,"FAM111B"
6856.7649405725,0.0807467269025459,"ADGRE5"
30.0446602251827,0.0807948476933077,"LMCD1-AS1"
2.21705679787789,0.0808961309828759,"CRHBP"
59.4114024042704,0.0811119113066228,"BACE2"
22.1202374036638,0.0811181332357566,"CCL20"
5065.13968605817,0.0815730426840132,"PPIB"
95.246759152288,0.0818535835744198,"GLT1D1"
1713.50175502664,0.0821629726398555,"PDIA6"
137.361215826923,0.0824229997747921,"XCL1"
24.5059128480732,0.0825032282684571,"KIFC1"
6.8041768497343,0.0825787044271585,"ZNF366"
-6.14636670574748,0.0826554095075592,"PARM1"
455.40871001034,0.0828017320477879,"TRIO"
28.1445659762102,0.082945668292508,"AC011313.1"
-10.3682016418697,0.0829870902864234,"SCN2A"
326.38624583046,0.0830459677528116,"PLEKHG1"
590.033594750543,0.0831371364254158,"TSHZ2"
1401.31736800681,0.0832469567785274,"YES1"
166.349508886622,0.0833008096920227,"PLD1"
17.5123337203432,0.0833467338623669,"AC025569.1"
8060.91095329078,0.0834018588059211,"CD69"
410.188141868551,0.0834040345088126,"LINC02725"
359.39771181191,0.0838833432383088,"ITGAX"
1639.50851316617,0.083951941441782,"SDF2L1"
550.990868404424,0.0842785790680979,"RADX"
13.6622849889867,0.0843597645961946,"RASAL2"
215.448064563496,0.0846161488266936,"PTGDS"
3.02654669297182,0.0849339768916555,"IGLV1-44"
4017.62714437625,0.0851690924135505,"LYST"
552.498869430223,0.0852049702484722,"HSPA1A"
4575.67016355148,0.0854565939645272,"FNDC3B"
-3.87013506776245,0.0856132781074504,"CHL1"
133.912619703429,0.086157296171445,"LRMDA"
118.445801439862,0.0864439713538737,"TYMS"
0.995046364129609,0.0865293031696315,"SUCNR1"
28.0560626299515,0.0865413009158315,"LRRK1"
53.1202115583325,0.0868274046281269,"MBOAT2"
31.2179315330388,0.0868888914253294,"ENAH"
38.5434900053573,0.0870495657376395,"LINC00511"
1.41887708227753,0.0870603975024845,"CXCL2"
349.671615105978,0.0871664169380871,"FAR2"
4876.14238043707,0.0873777905402855,"SAT1"
106.283552009282,0.0874108689348475,"INSR"
216.102883187196,0.087426282338676,"EMILIN2"
3356.07208360762,0.0878940117104557,"GSTP1"
-0.0851706592070408,0.087943870908201,"PPY"
2.49053401018406,0.0879568445282109,"KCNK1"
25.6379678086398,0.0884677224789754,"BLNK"
2088.60476526839,0.0886575265449545,"ATP1B3"
1154.44660203582,0.0889061695582817,"UBE2J1"
3.57460703319148,0.0890268040771749,"AC137770.1"
6.54454990281269,0.0890645117955214,"GLDC"
137.05882548206,0.0893983393483572,"UPP2"
102.865207686005,0.0894691167762001,"EMP1"
216.942341590217,0.0896626468392691,"CES1"
80.9104860467642,0.0898896018873337,"FMNL2"
7.27065706170011,0.0900507477088403,"EREG"
213.505077745018,0.0905877621672612,"AC104370.1"
56.9837978078585,0.0907046145078217,"GEM"
1838.62668636928,0.0908031053331533,"PTPRE"
3277.54524410709,0.0915006007238155,"HSPA5"
-3.30451986061642,0.0916348900180055,"MEG8"
23.5118652200441,0.0917718428146772,"AC092353.1"
61.4767837519273,0.0920634989726862,"IGLL1"
566.919192246232,0.0922560108561612,"ADAM12"
4.90749207382167,0.0928306177558755,"AC104809.2"
2.82091501971682,0.0931115448951389,"MT1G"
5.36155670304534,0.0937616923584273,"LINC02324"
-3.61690494295299,0.0941452729682265,"IGLV8-61"
3171.36094713319,0.0943769708702737,"HLA-DPB1"
19.1252756055386,0.0944366569031157,"SLCO5A1"
17.1572711381135,0.0945372961786717,"P3H2"
19.3189147467226,0.095045028500052,"SPC25"
59.8423779644803,0.0951467417080105,"CPM"
48.8716463260319,0.0954723018584436,"MELK"
396.579692374341,0.0954799613151236,"LINC01644"
71.9879854693988,0.0955067434998077,"ST8SIA6-AS1"
67.9504082410557,0.0958001702019239,"KIF15"
-0.604273417293297,0.0964589281140459,"IGHV1-18"
35.1286416585766,0.0968365793987053,"MALRD1"
872.030762261975,0.0969537011437539,"ZSWIM5"
-6.18147961844762,0.0970269669076451,"GP9"
9831.87874046835,0.0971697127272353,"JUN"
38.9163697647541,0.0974985205259041,"CPNE5"
49.6514243331635,0.0975555116394521,"CDCA8"
864.267517735053,0.0976791447580502,"COLQ"
219.925282492278,0.0978396333561728,"CFH"
2369.70950073746,0.0991834489423932,"AC009093.2"
9.49459230817575,0.0992294005452826,"CDT1"
18.0035819450175,0.0997761533339375,"KCNE1"
23.66210614056,0.0999203273723152,"NHS"
33.3885574888165,0.100502202223448,"COL4A4"
56.3610183116458,0.100554903823148,"CYP1B1-AS1"
84.2421000592294,0.101531368484035,"NUAK1"
37.5411364985873,0.102217890076641,"AL118523.1"
6.10275529185782,0.102585893057011,"FGF17"
27.4687876123629,0.102676736431126,"PTCRA"
-0.14643466597793,0.102743459427347,"KCNK13"
560.939379374856,0.1031907733144,"FRY"
493.14293633854,0.103543962029833,"NCR1"
-0.228474707130126,0.103759783779623,"AC008883.2"
1173.79815757498,0.103980891361351,"CD58"
828.49523027043,0.104105982804811,"SLC4A4"
199.94623744546,0.104262061287012,"SPSB1"
15.3561586424232,0.104414295545141,"VWA5B1"
42.5435990099266,0.104428595257971,"DKK2"
799.399256495864,0.104746514325618,"XCL2"
2.13517650561774,0.104823376217884,"AC006974.2"
14.6867646640442,0.105188974526908,"RNF150"
79.7047834208323,0.105238075277812,"TP63"
323.142903734033,0.105482977398092,"MT1E"
0.992118886362928,0.105485268610097,"IGLV3-21"
1.80186136482466,0.105605093147597,"DLGAP5"
1727.33742039072,0.105973142022753,"BICDL1"
9.54150427091942,0.105982232382617,"VNN3"
904.655616248854,0.105994182698283,"CLIC3"
2.44578622967392,0.1060995382454,"CDC20"
2682.41581579285,0.106190792703479,"ERN1"
14.9037175788559,0.10628265558934,"HRK"
8.52146897316184,0.106574520508589,"AL137182.1"
172.832822303924,0.106906821333046,"PACSIN1"
-5.37791472729463,0.107198927180663,"BEND6"
9721.59554614443,0.107720817842258,"NEAT1"
804.16608857577,0.107937844657399,"HHAT"
931.460330840928,0.108168717886007,"PIK3AP1"
316.964323857634,0.10825492646422,"NCAM1"
31.4598235424912,0.108496460244885,"SAMD12-AS1"
34.5879735709831,0.109178287363546,"AC096536.3"
37.2679184600948,0.109360617828561,"MUC13"
2773.54672977564,0.10963745297589,"DUSP2"
571.181890216281,0.109759043305641,"LINC02384"
20.0243992801172,0.110033206841616,"GNG11"
6.04914819679266,0.110218970868456,"AC068831.6"
28.0107499628903,0.110504026677141,"GALNT14"
20.9884443524366,0.110510630483464,"TBC1D12"
5.08779197858807,0.110564067328732,"PDE3A"
-9.20510547708264,0.111138545319831,"ABCA9"
68.4610592801741,0.11138485822525,"SH3RF2"
48.1095716485382,0.111923075012933,"PRSS57"
931.390781035347,0.112105987236844,"PRDM1"
21.286998851522,0.11212548010371,"TMC3"
407.176240944599,0.11262700599687,"SLCO4C1"
4.51499891312492,0.113194579831115,"ACY3"
1772.70695124351,0.11319503736735,"MIR4435-2HG"
4068.11581660011,0.113220573956823,"XBP1"
4.12630854668016,0.113415484545142,"LRRC36"
11.7417750953453,0.113454840968174,"AC010974.2"
927.994556901696,0.1135523894745,"CD160"
1210.33546964384,0.114884879886275,"TRDC"
1052.39839504332,0.115274547765612,"RHOC"
31.8682858895946,0.115278734563455,"AC246817.2"
222.096780119932,0.11615495184688,"CD70"
22.1407207021673,0.116290580341822,"LIX1"
40.4988027767242,0.116329969706484,"LINC01811"
-3.66322653422814,0.116366651979158,"CDK15"
6772.25852003352,0.116392450531747,"ID2"
709.170980078391,0.116589957310917,"ADAM19"
37.5661207730893,0.11662295932822,"CDCA5"
34.4378140513131,0.117099286890534,"NRP1"
43.0569187410028,0.117182386049162,"ESRRB"
4423.46141589584,0.117425276637058,"GLCCI1"
30.6708726399178,0.11751425411625,"RORB"
109.079926977065,0.118168166220903,"SDK1"
8.96124068999685,0.11851579269287,"E2F7"
602.906367216697,0.118711432507756,"SLC16A1"
4.16710913409468,0.119263161460935,"KLHL14"
20.1723134130768,0.119444803603886,"LINC02147"
3515.85445486593,0.119872902424924,"GPRIN3"
15.6681614327804,0.120082801288262,"ZNF608"
3149.99623041521,0.120304307429958,"HIVEP3"
23.8532395188737,0.120516825466364,"CD109"
9446.30323439682,0.120685688539061,"RORA"
18.1890694547808,0.12095916098816,"MIR2052HG"
3139.33359278825,0.120971922413727,"GBP5"
1926.98762640304,0.121470273727202,"IL2RB"
23.1475614921411,0.121510757094355,"AP000676.5"
32.2196028138858,0.121939082632892,"BAALC-AS1"
66.3369724948429,0.122088528472158,"IGFBP3"
587.094092355963,0.123212167427327,"AL450352.1"
2672.59821323537,0.123265344603448,"SYTL2"
148.387687411421,0.123354647196841,"ATP8B4"
7573.51934905217,0.123396425305483,"GAPDH"
-26.2724515069529,0.123409599997478,"JAM2"
12.3191093703356,0.123629055289328,"ZC2HC1B"
8.66240457150619,0.1237789147832,"PTPRB"
28.1035438002314,0.123816475161332,"AC091946.1"
-1.98325654413574,0.123848291291619,"CXCL3"
19.3864603500088,0.124944502951734,"MCM10"
179.000044578572,0.125799983720534,"AP002989.1"
20.4974035964328,0.125894113529908,"HMGA2"
447.02949188674,0.126757113435431,"SLC25A43"
22.2703282210743,0.126765680735208,"PPP1R14A"
1609.55727768582,0.126878291838321,"AGAP1"
17.8592465535525,0.126899373960296,"TNFAIP6"
242.345021217312,0.127013987170078,"PTTG1"
6.279754905875,0.127486471854882,"SEZ6L"
36.4603450475093,0.128069089266431,"SYCP2L"
210.114511316472,0.128203424182309,"COLGALT2"
-13.0935863962741,0.128226407389283,"IGKV4-1"
2410.78323652664,0.129171482156716,"TENT5C"
13.700639650433,0.129980141152482,"ANGPT1"
5839.96885353481,0.130207752409961,"NCALD"
1.38838193236446,0.130698815591256,"OBSL1"
2.0136064692013,0.130951636371062,"WDFY3-AS2"
5.40015002783421,0.131121685750544,"APOC1"
6.65779126886254,0.131361263599618,"TPSB2"
1106.52156692241,0.131535739905514,"SLC4A10"
4.99146621953834,0.131721633330785,"CPB1"
6.61143111650244,0.131830929816767,"C11orf96"
16.2007777169248,0.131886241736134,"MEIS1"
314.088418913476,0.132055279936584,"GLUL"
2434.62384008525,0.133261172216547,"DLEU1"
1193.22618674409,0.133540087589731,"HDAC9"
860.231446984004,0.133770937455012,"CTBP2"
1.12789979989199,0.133933665449073,"LINC02550"
1340.97263502901,0.133951319371213,"GZMB"
20.094873125729,0.134032876747167,"KIF23"
1.13018253129238,0.134255577279126,"AC007376.2"
15771.5232522905,0.135032513397929,"ACTG1"
2388.59179851509,0.13540857815358,"NIBAN1"
29.7417710372547,0.135760446037469,"XACT"
2461.16552748839,0.135889301144073,"MAN1A1"
13.2945232742053,0.136422107636254,"TDRD15"
399.007750763944,0.13788863001336,"AC244502.1"
1228.96322936997,0.138112574379219,"SLC15A4"
4337.84181162116,0.138139246393754,"MT2A"
1525.98895150738,0.138696828087928,"C12orf75"
22.4029757953412,0.138987022996068,"RASSF6"
1436.52264559184,0.139428598012734,"DTHD1"
24.3498707284107,0.13978424789046,"MKI67"
3930.59706188621,0.13989911970919,"S100A11"
1034.02111480283,0.140206794917618,"FAM49A"
7.68835056203705,0.140354723333466,"LINC01478"
2950.05952778066,0.140663316862579,"GZMK"
571.514807979479,0.140677868786716,"KIAA1671"
-3.61446112793637,0.140742911684306,"AL512283.2"
3510.17932369898,0.141325471212097,"TOX"
139.755621871304,0.14171169441866,"TSHZ3"
1680.47032151493,0.142470750151746,"C1orf21"
12.5754908586271,0.142790884633132,"AC246817.1"
14.0425900878574,0.143718507524698,"LINC02161"
16.6469237489863,0.143745183750837,"PPM1H"
28.5225516680106,0.143762598607566,"IGLV10-54"
10.7097150699791,0.14380250432687,"GLYATL1"
1298.38945679263,0.143840179819008,"BATF"
3.49950926748078,0.143870032212412,"AC013565.3"
15.1228195653462,0.144125074522129,"MTUS2"
10680.8083918597,0.144470510111485,"S100A6"
463.22945479503,0.144515389847735,"PALM2-AKAP2"
4.74813812693217,0.146624440574436,"AL133346.1"
6592.72377809929,0.146783637668824,"CTSW"
922.617593690214,0.146816783266326,"IFNG"
52.2099820839338,0.14695388203464,"LINC00996"
8.91880373891465,0.147602777171468,"NAT8L"
13.9815669943874,0.148390125987757,"IGKV1-5"
7.08182122677432,0.14843780337134,"PTX3"
2115.90508409534,0.148533471310011,"TNFRSF1B"
-27.6703890005625,0.149329400500041,"AZU1"
1515.110228332,0.150204878240763,"FCGR3A"
111.365182122891,0.150247171550793,"AP002852.1"
64.3644422563592,0.150604108479193,"BMP8B"
8.28142907329041,0.150632780005429,"AC117386.2"
19.5018827818964,0.151201926867936,"AC092546.1"
12.8008427456298,0.152146737475786,"CDH2"
3235.9699247751,0.152459284201197,"MCTP2"
696.211349495056,0.152587749508092,"PRSS23"
696.676781352575,0.152634337584441,"LILRB1"
-1.05015176329553,0.152743668551975,"CAV1"
2.53463870333629,0.152826677740706,"AC022325.2"
184.522225707682,0.154190698670857,"LINC01762"
12.2367797541588,0.154322586146221,"LINC01226"
24089.8096192195,0.154829860845652,"TMSB4X"
1267.01593347627,0.155564242343783,"FCRL3"
339.784957095374,0.15644701110652,"MYO3B"
4919.45987754814,0.156455329958413,"CRIP1"
4953.29828745125,0.156956984824428,"ANXA1"
2214.3771582867,0.157128225504282,"AUTS2"
0.260638045794899,0.157842837872467,"IGHV3-48"
9.5922460835552,0.15932862683959,"GLRA3"
559.798560691066,0.159844881720832,"ST8SIA6"
149.089452744767,0.16190490007879,"PROK2"
782.319779366832,0.162433211168698,"KLRF1"
523.691194158597,0.162823412901625,"ZNF683"
921.420001170422,0.163278612803235,"AC243829.2"
536.447154062949,0.163747025317372,"NUGGC"
12084.6826739232,0.163841922366943,"AOAH"
11.9623463169471,0.164627768957591,"CPA3"
1022.24294242361,0.165861102973245,"SETBP1"
3904.4789340655,0.165923399317407,"MYBL1"
3021.34844356587,0.166364627749623,"PAM"
-0.999229226530827,0.166545880227426,"AC009411.2"
51.838975535755,0.167042459468788,"AC112206.2"
1255.38545618327,0.167216040437731,"MAP3K8"
6119.11813136052,0.168176309000275,"IFITM2"
2129.87383655866,0.168757995728628,"KLRB1"
8.25817865143702,0.172032625207672,"CDCA3"
5.66845927774417,0.174186190064092,"C1QC"
19.546113956637,0.174613539553424,"AP002075.1"
1427.38136888524,0.174745272731797,"JAKMIP2"
8186.01028082545,0.176199333762409,"ARHGAP26"
4.22126375569635,0.176432506201938,"LINC02232"
9202.0520748285,0.176557560840448,"SRGN"
-1.242872078148,0.176804212947952,"KCNA5"
1541.23543954818,0.178888172790635,"ADGRG5"
20.7197589919868,0.179067764057999,"SLC35F3"
7.52809120131388,0.179916996140819,"KIF20A"
1723.81948066677,0.180073801600809,"PTGDR"
5.61427886397865,0.181105758843142,"AP001636.3"
1220.41752664141,0.181384989443186,"LINC00299"
23665.8874953553,0.181721410583166,"ACTB"
18.4293810704415,0.184240602216627,"CACNA1B"
14.6454805408282,0.184534037994958,"KCNK10"
1891.8183364826,0.185094769381266,"SPON2"
15603.7515627688,0.185322305689489,"PFN1"
1.26819984794212,0.185842400680911,"WSCD2"
0.296661692539333,0.185874240619602,"KRT23"
368.927342582771,0.187280454222573,"DAPK2"
-4.50964038788859,0.190362946794414,"SLC1A3"
1275.01815001174,0.190407648720293,"CX3CR1"
69.45637331685,0.191606605059322,"HBA2"
0.180152668024897,0.19273847962031,"AL158817.1"
9.61713528311926,0.193959314446795,"P2RY6"
467.459510896362,0.19487187121621,"RAB27B"
25.6472153011162,0.196120251898802,"AC005009.2"
6106.01150257011,0.196485462660933,"SAMD3"
-3.83817737560875,0.197160939570166,"AL359237.1"
8.97448269122031,0.199013940661301,"P2RY12"
14.1039483021187,0.200212905281919,"FAP"
16659.5712775191,0.203474975141742,"IL32"
16.8708555673709,0.204360513028492,"C1QB"
2.2431362847436,0.207806132178019,"AL139384.2"
-8.05972804909031,0.209197289373395,"ARPP21"
3688.96255057925,0.209262959617132,"ITGB1"
1617.50629235983,0.209462386083181,"HOPX"
-17.4169572830957,0.213902605441569,"SCT"
4142.29574691085,0.217126993100912,"PLCB1"
1574.92357584114,0.219533759440603,"FGFBP2"
-0.183545777509188,0.219971451678379,"IGKV1-16"
1826.28222919723,0.222623780717766,"PDGFD"
8.14656253275533,0.223062996139128,"CKAP2L"
1510.24456104308,0.226000097851368,"ADGRG1"
3381.97014236318,0.228609743957851,"TRGC2"
14.3667026289334,0.231947286716316,"LINC02345"
1222.4054285281,0.23278481719681,"MSC-AS1"
-4.94721912930803,0.238521337281285,"VPREB1"
3596.76150240149,0.239786237912086,"PPP2R2B"
11076.749624059,0.244418050879184,"SYNE2"
110.529265177544,0.246179256421733,"HBA1"
-0.257591791374863,0.246363280781555,"IGHV3-30"
1.60617333400431,0.247917709400343,"TENT5B"
1.0391414877266,0.251157482618349,"KRT5"
-2.00441288429312,0.252915282210852,"MS4A2"
7.04879189026712,0.253036163320333,"BAALC"
2353.85547736934,0.253595433004334,"CCL4"
2707.53229940612,0.254270093090464,"PLEK"
3.35245576282832,0.256163709554988,"SRPX"
11639.2282264085,0.263840593161196,"S100A4"
4508.51425267206,0.268628867027905,"ZEB2"
2988.99241872003,0.269575492052953,"KLRD1"
3866.18168615363,0.272145887414556,"CST7"
4332.60424089793,0.276227330497069,"KLRG1"
7166.20887521469,0.278406485343972,"GNLY"
4219.57795166137,0.279317111917785,"PZP"
4745.06505891834,0.287560052070444,"PRF1"
3515.29202261996,0.2885892791739,"GZMH"
5334.57372929865,0.291227597082907,"A2M"
4603.46245821862,0.305722484704392,"PYHIN1"
5322.82011934815,0.316582781697043,"GZMA"
4528.16971197508,0.330670819648053,"TGFBR3"
8428.15346848322,0.351404756323366,"NKG7"
10434.9477079868,0.370289435727515,"CCL5"
